Player,Nation,Position,Squad,Age,Year of birth,Matches Played,Starts,Minutes,90s Played,Goals,Assists,Goals + Assists,Non-Penalty Goals,Penalty Kicks Made,Penalty Kicks Attempted,Yellow Cards,Red Cards,xG: Expected Goals,npxG: Non-Penalty xG,xAG: Exp. Assisted Goals,npxG + xAG,Progressive Carries,Progressive Passes,Progressive Passes Rec,Goals/90,Assists/90,Goals + Assists/90,Non-Penalty Goals/90,Non-Penalty Goals + Assists/90,xG/90,xAG/90,xG + xAG/90,npxG/90,npxG + xAG
Himad Abdelli,dz ALG,"MF,FW",Angers,22,1999,30,24,"2,137",23.7,2,2,4,2,0,0,3,0,1.4,1.4,2.9,4.3,58,151,111,0.08,0.08,0.17,0.08,0.17,0.06,0.12,0.18,0.06,0.18
Salis Abdul Samed,gh GHA,MF,Lens,22,2000,33,33,"2,894",32.2,1,1,2,1,0,0,6,1,0.9,0.9,1.6,2.5,33,165,44,0.03,0.03,0.06,0.03,0.06,0.03,0.05,0.08,0.03,0.08
Matthis Abline,fr FRA,"FW,MF",Auxerre,19,2003,19,8,806,9.0,2,1,3,1,1,2,1,0,3.6,2.0,0.7,2.7,14,8,49,0.22,0.11,0.33,0.11,0.22,0.40,0.08,0.47,0.22,0.30
Matthis Abline,fr FRA,"FW,MF",Rennes,19,2003,11,0,107,1.2,1,0,1,1,0,0,0,0,0.8,0.8,0.3,1.0,4,2,11,0.84,0.00,0.84,0.84,0.84,0.65,0.22,0.87,0.65,0.87
Zakaria Aboukhlal,ma MAR,"FW,MF",Toulouse,22,2000,37,28,"2,473",27.5,10,5,15,10,0,0,4,0,11.5,11.5,3.3,14.7,100,72,276,0.36,0.18,0.55,0.36,0.55,0.42,0.12,0.54,0.42,0.54
Mohamed Achi,fr FRA,FW,Nantes,20,2002,2,0,36,0.4,0,0,0,0,0,0,0,0,0.1,0.1,0.0,0.2,2,3,1,0.00,0.00,0.00,0.00,0.00,0.30,0.08,0.39,0.30,0.39
Martin Adeline,fr FRA,"MF,FW",Reims,18,2003,5,0,107,1.2,0,0,0,0,0,0,2,0,0.1,0.1,0.0,0.1,1,3,1,0.00,0.00,0.00,0.00,0.00,0.06,0.00,0.06,0.06,0.06
Lucien Agoume,fr FRA,MF,Troyes,20,2002,15,14,"1,094",12.2,0,1,1,0,0,0,5,0,0.8,0.8,1.1,1.9,9,93,10,0.00,0.08,0.08,0.00,0.08,0.07,0.09,0.16,0.07,0.16
Amar Ahmed,se SWE,FW,Troyes,18,2004,1,0,20,0.2,0,0,0,0,0,0,0,0,0.0,0.0,0.0,0.0,0,1,2,0.00,0.00,0.00,0.00,0.00,0.00,0.00,0.00,0.00,0.00
Maghnes Akliouche,fr FRA,"MF,FW",Monaco,20,2002,11,5,402,4.5,0,0,0,0,0,0,3,0,0.5,0.5,0.5,0.9,9,16,42,0.00,0.00,0.00,0.00,0.00,0.10,0.11,0.21,0.10,0.21
Doğan Alemdar,tr TUR,GK,Rennes,19,2002,6,4,406,4.5,0,0,0,0,0,0,1,0,0.0,0.0,0.1,0.1,0,0,0,0.00,0.00,0.00,0.00,0.00,0.00,0.03,0.03,0.00,0.03
Ayoub Amraoui,ma MAR,"DF,FW",Nice,18,2004,7,3,294,3.3,0,0,0,0,0,0,1,0,0.0,0.0,0.1,0.1,6,13,18,0.00,0.00,0.00,0.00,0.00,0.00,0.04,0.04,0.00,0.04
Adil Aouchiche,fr FRA,MF,Lorient,20,2002,11,1,250,2.8,0,0,0,0,0,0,0,0,0.5,0.5,0.1,0.6,16,23,20,0.00,0.00,0.00,0.00,0.00,0.20,0.02,0.22,0.20,0.22
Stredair Appuah,fr FRA,"DF,MF",Nantes,18,2004,5,0,66,0.7,0,0,0,0,0,0,0,0,0.1,0.1,0.2,0.3,7,3,10,0.00,0.00,0.00,0.00,0.00,0.09,0.29,0.38,0.09,0.38
Taïryk Arconte,fr FRA,FW,Brest,18,2003,4,1,128,1.4,0,0,0,0,0,0,0,0,0.3,0.3,0.1,0.4,1,1,8,0.00,0.00,0.00,0.00,0.00,0.19,0.10,0.29,0.19,0.29
Mohamed El Arouch,fr FRA,MF,Lyon,18,2004,1,0,2,0.0,0,0,0,0,0,0,0,0,0.0,0.0,0.0,0.0,1,1,0,0.00,0.00,0.00,0.00,0.00,0.00,0.00,0.00,0.00,0.00
Lorenz Assignon,tg TOG,DF,Rennes,22,2000,12,2,261,2.9,0,1,1,0,0,0,3,0,0.3,0.3,0.3,0.6,10,11,13,0.00,0.34,0.34,0.00,0.34,0.11,0.10,0.22,0.11,0.22
Valentin Atangana Edoa,fr FRA,MF,Reims,16,2005,7,2,174,1.9,0,0,0,0,0,0,0,0,0.0,0.0,0.2,0.2,5,5,6,0.00,0.00,0.00,0.00,0.00,0.02,0.10,0.12,0.02,0.12
Loïc Bade,fr FRA,DF,Rennes,22,2000,1,1,90,1.0,0,1,1,0,0,0,1,0,0.2,0.2,0.1,0.3,0,3,0,0.00,1.00,1.00,0.00,1.00,0.20,0.06,0.26,0.20,0.26
Benoît Badiashile,fr FRA,DF,Monaco,21,2001,11,9,839,9.3,2,0,2,2,0,0,3,0,0.6,0.6,0.4,1.0,3,39,0,0.21,0.00,0.21,0.21,0.21,0.07,0.04,0.11,0.07,0.11
Brandon Baiye,be BEL,MF,Clermont Foot,21,2000,7,0,51,0.6,0,0,0,0,0,0,0,0,0.0,0.0,0.1,0.1,0,2,0,0.00,0.00,0.00,0.00,0.00,0.00,0.21,0.21,0.00,0.21
Thierno Balde,fr FRA,"DF,MF",Troyes,20,2002,31,25,"2,153",23.9,0,1,1,0,0,0,1,0,0.3,0.3,1.1,1.4,66,60,118,0.00,0.04,0.04,0.00,0.04,0.01,0.05,0.06,0.01,0.06
Carlos Baleba,cm CMR,MF,Lille,18,2004,19,5,478,5.3,0,0,0,0,0,0,3,1,0.5,0.5,0.1,0.6,16,33,12,0.00,0.00,0.00,0.00,0.00,0.09,0.02,0.11,0.09,0.11
Leonardo Balerdi,ar ARG,DF,Marseille,23,1999,35,30,"2,639",29.3,0,1,1,0,0,0,9,1,1.3,1.3,0.2,1.4,15,97,19,0.00,0.03,0.03,0.00,0.03,0.04,0.01,0.05,0.04,0.05
Folarin Balogun,us USA,FW,Reims,21,2001,37,34,"2,999",33.3,21,2,23,15,6,7,5,0,26.6,21.0,3.8,24.8,56,55,283,0.63,0.06,0.69,0.45,0.51,0.80,0.11,0.91,0.63,0.74
Bradley Barcola,fr FRA,"FW,MF",Lyon,19,2002,26,15,"1,440",16.0,5,8,13,5,0,0,3,0,3.4,3.4,3.9,7.4,51,39,156,0.31,0.50,0.81,0.31,0.81,0.22,0.25,0.46,0.22,0.46
Melvin Bard,fr FRA,DF,Nice,21,2000,33,28,"2,456",27.3,0,0,0,0,0,0,6,0,0.5,0.5,0.9,1.4,61,96,126,0.00,0.00,0.00,0.00,0.00,0.02,0.03,0.05,0.02,0.05
Yanis Begraoui,ma MAR,"FW,MF",Toulouse,21,2001,3,1,65,0.7,0,0,0,0,0,0,0,0,0.0,0.0,0.3,0.3,1,3,3,0.00,0.00,0.00,0.00,0.00,0.00,0.37,0.37,0.00,0.37
Alexis Beka Beka,fr FRA,"MF,DF",Nice,21,2001,14,7,545,6.1,0,0,0,0,0,0,2,0,0.5,0.5,0.1,0.5,13,25,23,0.00,0.00,0.00,0.00,0.00,0.08,0.01,0.09,0.08,0.09
Reda Belahyane,ma MAR,MF,Nice,18,2004,4,1,182,2.0,0,0,0,0,0,0,0,0,0.1,0.1,0.0,0.1,3,10,1,0.00,0.00,0.00,0.00,0.00,0.04,0.01,0.05,0.04,0.05
Jeanuël Belocian,fr FRA,DF,Rennes,17,2005,8,6,506,5.6,0,0,0,0,0,0,1,0,0.0,0.0,0.1,0.1,8,21,21,0.00,0.00,0.00,0.00,0.00,0.01,0.02,0.02,0.01,0.02
Eliesse Ben Seghir,ma MAR,"FW,MF",Monaco,17,2005,19,13,"1,052",11.7,4,1,5,4,0,0,1,0,1.9,1.9,1.2,3.2,31,55,93,0.34,0.09,0.43,0.34,0.43,0.17,0.11,0.27,0.17,0.27
Salim Ben Seghir,fr FRA,MF,Marseille,19,2003,1,0,4,0.0,0,0,0,0,0,0,0,0,0.0,0.0,0.0,0.0,0,0,0,0.00,0.00,0.00,0.00,0.00,0.00,0.00,0.00,0.00,0.00
Mitchell van Bergen,nl NED,"FW,DF",Reims,22,1999,28,6,905,10.1,0,1,1,0,0,0,1,0,2.2,2.2,2.7,4.8,51,21,89,0.00,0.10,0.10,0.00,0.10,0.22,0.26,0.48,0.22,0.48
El Bilal Touré,ml MLI,FW,Reims,20,2001,3,1,91,1.0,0,0,0,0,0,0,0,0,0.0,0.0,0.1,0.1,0,1,1,0.00,0.00,0.00,0.00,0.00,0.03,0.05,0.09,0.03,0.09
Joaquín Blázquez,ar ARG,GK,Brest,21,2001,1,1,90,1.0,0,0,0,0,0,0,0,0,0.0,0.0,0.0,0.0,0,0,0,0.00,0.00,0.00,0.00,0.00,0.00,0.00,0.00,0.00,0.00
Myron Boadu,nl NED,FW,Monaco,21,2001,12,3,295,3.3,3,0,3,3,0,0,0,0,2.6,2.6,0.3,2.9,5,3,21,0.92,0.00,0.92,0.92,0.92,0.79,0.09,0.88,0.79,0.88
Kouamé Botué,bf BFA,"FW,MF",Ajaccio,19,2002,8,2,229,2.5,0,0,0,0,0,0,0,0,1.2,1.2,0.1,1.3,4,4,16,0.00,0.00,0.00,0.00,0.00,0.48,0.05,0.53,0.48,0.53
Badredine Bouanani,dz ALG,"FW,MF",Nice,17,2004,19,9,863,9.6,0,4,4,0,0,0,0,0,1.7,1.7,3.5,5.2,47,31,98,0.00,0.42,0.42,0.00,0.42,0.18,0.36,0.54,0.18,0.54
Hicham Boudaoui,dz ALG,MF,Nice,22,1999,27,22,"1,875",20.8,1,2,3,1,0,0,5,0,0.9,0.9,1.9,2.8,39,110,55,0.05,0.10,0.14,0.05,0.14,0.04,0.09,0.14,0.04,0.14
Franci Bouebari,fr FRA,DF,Strasbourg,18,2003,2,0,76,0.8,0,0,0,0,0,0,0,0,0.0,0.0,0.0,0.0,0,0,2,0.00,0.00,0.00,0.00,0.00,0.00,0.03,0.03,0.00,0.03
Ismaël Boura,km COM,"DF,FW",Lens,21,2000,9,0,93,1.0,0,0,0,0,0,0,0,0,0.1,0.1,0.2,0.3,6,6,11,0.00,0.00,0.00,0.00,0.00,0.06,0.20,0.26,0.06,0.26
Bilal Brahimi,dz ALG,"FW,MF",Nice,22,2000,26,5,800,8.9,3,2,5,3,0,0,0,0,1.0,1.0,1.7,2.8,41,16,100,0.34,0.23,0.56,0.34,0.56,0.12,0.19,0.31,0.12,0.31
Lilian Brassier,fr FRA,DF,Brest,22,1999,36,35,"3,093",34.4,0,0,0,0,0,0,5,0,1.1,1.1,0.9,2.0,20,111,29,0.00,0.00,0.00,0.00,0.00,0.03,0.03,0.06,0.03,0.06
Andreas Bruus,dk DEN,"DF,FW",Troyes,23,1999,27,18,"1,628",18.1,0,2,2,0,0,0,2,0,0.7,0.7,1.7,2.4,47,41,117,0.00,0.11,0.11,0.00,0.11,0.04,0.09,0.13,0.04,0.13
Maxime Busi,be BEL,DF,Reims,22,1999,21,11,"1,043",11.6,0,1,1,0,0,0,4,0,0.1,0.1,0.7,0.8,25,57,44,0.00,0.09,0.09,0.00,0.09,0.01,0.06,0.07,0.01,0.07
Marcin Bułka,pl POL,GK,Nice,22,1999,2,2,180,2.0,0,0,0,0,0,0,0,0,0.0,0.0,0.0,0.0,0,0,0,0.00,0.00,0.00,0.00,0.00,0.00,0.00,0.00,0.00,0.00
Jens Cajuste,se SWE,MF,Reims,22,1999,31,14,"1,530",17.0,3,1,4,3,0,0,8,1,1.5,1.5,1.2,2.8,46,109,40,0.18,0.06,0.24,0.18,0.24,0.09,0.07,0.16,0.09,0.16
Mohamed Camara,ml MLI,MF,Monaco,22,2000,29,25,"2,194",24.4,0,3,3,0,0,0,6,1,1.0,1.0,2.2,3.2,28,135,19,0.00,0.12,0.12,0.00,0.12,0.04,0.09,0.13,0.04,0.13
Ousmane Camara,gn GUI,"FW,MF",Auxerre,20,2001,3,0,24,0.3,0,0,0,0,0,0,1,0,0.1,0.1,0.2,0.3,2,2,1,0.00,0.00,0.00,0.00,0.00,0.19,0.83,1.01,0.19,1.01
Ousmane Camara,fr FRA,DF,Angers,19,2003,9,6,521,5.8,0,0,0,0,0,0,2,0,0.2,0.2,0.0,0.2,3,16,0,0.00,0.00,0.00,0.00,0.00,0.03,0.00,0.03,0.03,0.03
Axel Camblan,fr FRA,"FW,MF",Brest,18,2003,7,0,68,0.8,0,0,0,0,0,0,0,0,0.2,0.2,0.1,0.3,2,4,9,0.00,0.00,0.00,0.00,0.00,0.22,0.17,0.39,0.22,0.39
Maxence Caqueret,fr FRA,MF,Lyon,22,2000,36,32,"2,767",30.7,4,7,11,4,0,0,2,0,2.6,2.6,5.1,7.7,46,183,114,0.13,0.23,0.36,0.13,0.36,0.09,0.16,0.25,0.09,0.25
Matis Carvalho,pt POR,GK,Montpellier,23,1999,2,1,136,1.5,0,0,0,0,0,0,0,0,0.0,0.0,0.0,0.0,0,0,0,0.00,0.00,0.00,0.00,0.00,0.00,0.00,0.00,0.00,0.00
Yoann Cathline,fr FRA,"FW,MF",Lorient,20,2002,23,11,"1,090",12.1,1,1,2,1,0,0,0,0,1.5,1.5,0.7,2.2,46,29,106,0.08,0.08,0.17,0.08,0.17,0.12,0.05,0.18,0.12,0.18
El Chadaille Bitshiabu,fr FRA,DF,Paris S-G,17,2005,13,6,583,6.5,0,0,0,0,0,0,2,0,0.0,0.0,0.1,0.1,1,23,8,0.00,0.00,0.00,0.00,0.00,0.00,0.01,0.01,0.00,0.01
Fares Chaïbi,dz ALG,"FW,MF",Toulouse,19,2002,36,24,"2,340",26.0,5,5,10,5,0,0,2,0,5.9,5.9,4.9,10.9,71,101,212,0.19,0.19,0.38,0.19,0.38,0.23,0.19,0.42,0.23,0.42
Muhammed Cham,at AUT,MF,Clermont Foot,21,2000,38,23,"1,968",21.9,7,4,11,5,2,2,2,0,6.0,4.4,3.1,7.5,71,106,120,0.32,0.18,0.50,0.23,0.41,0.27,0.14,0.41,0.20,0.34
Ivane Chegra,fr FRA,"MF,FW",Ajaccio,18,2004,6,1,193,2.1,0,0,0,0,0,0,0,0,0.0,0.0,0.1,0.1,7,7,5,0.00,0.00,0.00,0.00,0.00,0.01,0.04,0.06,0.01,0.06
Rayan Cherki,fr FRA,"MF,FW",Lyon,18,2003,34,21,"1,872",20.8,4,6,10,4,0,0,3,0,4.9,4.9,7.2,12.1,133,144,260,0.19,0.29,0.48,0.19,0.48,0.24,0.34,0.58,0.24,0.58
Lucas Chevalier,fr FRA,GK,Lille,20,2001,32,32,"2,880",32.0,0,0,0,0,0,0,1,0,0.0,0.0,0.6,0.6,0,0,0,0.00,0.00,0.00,0.00,0.00,0.00,0.02,0.02,0.00,0.02
Joris Chotard,fr FRA,MF,Montpellier,20,2001,35,26,"2,461",27.3,0,6,6,0,0,0,4,0,0.6,0.6,3.5,4.1,8,105,28,0.00,0.22,0.22,0.00,0.22,0.02,0.13,0.15,0.02,0.15
Yanis Cimignani,fr FRA,"MF,DF",Ajaccio,20,2002,8,3,279,3.1,0,0,0,0,0,0,0,0,0.2,0.2,0.1,0.3,3,0,17,0.00,0.00,0.00,0.00,0.00,0.06,0.03,0.09,0.06,0.09
Souleymane Cissé,fr FRA,DF,Clermont Foot,19,2002,2,0,36,0.4,0,0,0,0,0,0,0,0,0.0,0.0,0.0,0.0,0,0,1,0.00,0.00,0.00,0.00,0.00,0.11,0.00,0.11,0.11,0.11
David Costa,pt POR,"MF,FW",Lens,21,2001,31,16,"1,407",15.6,1,3,4,1,0,0,2,0,2.8,2.8,4.1,6.9,61,117,133,0.06,0.19,0.26,0.06,0.26,0.18,0.26,0.44,0.18,0.44
Logan Costa,cv CPV,DF,Toulouse,21,2001,6,4,415,4.6,0,0,0,0,0,0,0,0,0.6,0.6,0.2,0.8,5,18,0,0.00,0.00,0.00,0.00,0.00,0.13,0.04,0.17,0.13,0.17
Nicolas Cozza,fr FRA,DF,Montpellier,23,1999,17,14,"1,277",14.2,2,1,3,2,0,0,3,0,1.4,1.4,0.8,2.1,20,48,34,0.14,0.07,0.21,0.14,0.21,0.10,0.05,0.15,0.10,0.15
Andréa Dacourt,fr FRA,MF,Nice,17,2005,1,0,1,0.0,0,0,0,0,0,0,0,0,0.0,0.0,0.0,0.0,0,0,0,0.00,0.00,0.00,0.00,0.00,0.00,0.00,0.00,0.00,0.00
Colin Dagba,fr FRA,"DF,MF",Strasbourg,23,1998,21,12,958,10.6,0,0,0,0,0,0,3,0,0.4,0.4,0.8,1.1,26,31,48,0.00,0.00,0.00,0.00,0.00,0.03,0.07,0.10,0.03,0.10
Thijs Dallinga,nl NED,FW,Toulouse,21,2000,36,28,"2,353",26.1,12,1,13,12,0,0,4,0,9.8,9.8,2.0,11.9,23,30,174,0.46,0.04,0.50,0.46,0.50,0.38,0.08,0.46,0.38,0.46
Flavius Daniliuc,at AUT,DF,Nice,21,2001,2,1,91,1.0,0,0,0,0,0,0,0,0,0.0,0.0,0.1,0.1,2,4,3,0.00,0.00,0.00,0.00,0.00,0.00,0.05,0.05,0.00,0.05
Kévin Danois,fr FRA,MF,Auxerre,18,2004,1,0,2,0.0,0,0,0,0,0,0,0,0,0.0,0.0,0.0,0.0,0,0,0,0.00,0.00,0.00,0.00,0.00,0.00,0.00,0.00,0.00,0.00
Kevin Danso,at AUT,DF,Lens,23,1998,37,37,"3,232",35.9,1,2,3,1,0,0,7,1,2.5,2.4,1.0,3.5,34,163,2,0.03,0.06,0.08,0.03,0.08,0.07,0.03,0.10,0.07,0.10
Achraf Dari,ma MAR,DF,Brest,23,1999,18,15,"1,317",14.6,1,0,1,1,0,0,1,0,0.4,0.4,0.0,0.4,3,33,1,0.07,0.00,0.07,0.07,0.07,0.02,0.00,0.03,0.02,0.03
Jonathan David,ca CAN,FW,Lille,22,2000,37,36,"3,166",35.2,24,4,28,14,10,11,6,0,23.6,15.1,6.1,21.2,67,95,297,0.68,0.11,0.80,0.40,0.51,0.67,0.17,0.84,0.43,0.60
Sacha Delaye,fr FRA,"FW,MF",Montpellier,20,2002,3,0,20,0.2,1,0,1,1,0,0,0,0,0.1,0.1,0.0,0.1,1,1,0,4.50,0.00,4.50,4.50,4.50,0.31,0.00,0.31,0.31,0.31
Karamoko Dembélé,eng ENG,"FW,MF",Brest,19,2003,15,0,179,2.0,0,0,0,0,0,0,0,0,0.2,0.2,0.2,0.4,7,5,26,0.00,0.00,0.00,0.00,0.00,0.11,0.08,0.19,0.11,0.19
Mamadou Diakhon,fr FRA,FW,Reims,16,2005,2,0,21,0.2,0,0,0,0,0,0,0,0,0.0,0.0,0.0,0.0,1,0,1,0.00,0.00,0.00,0.00,0.00,0.14,0.00,0.14,0.14,0.14
Bafodé Diakité,fr FRA,DF,Lille,21,2001,33,29,"2,653",29.5,3,0,3,3,0,0,6,0,1.7,1.7,0.7,2.4,43,179,67,0.10,0.00,0.10,0.10,0.10,0.06,0.02,0.08,0.06,0.08
Ibrahim Diakité,gn GUI,DF,Reims,18,2003,3,1,131,1.5,0,0,0,0,0,0,1,0,0.2,0.2,0.0,0.2,0,2,6,0.00,0.00,0.00,0.00,0.00,0.14,0.00,0.14,0.14,0.14
Baila Diallo,fr FRA,"DF,MF",Clermont Foot,21,2001,6,0,89,1.0,0,0,0,0,0,0,0,0,0.0,0.0,0.0,0.0,3,1,9,0.00,0.00,0.00,0.00,0.00,0.02,0.00,0.02,0.02,0.02
Habib Diarra,sn SEN,"MF,FW",Strasbourg,18,2004,29,18,"1,626",18.1,3,2,5,3,0,0,4,0,1.8,1.8,2.2,4.1,68,52,89,0.17,0.11,0.28,0.17,0.28,0.10,0.12,0.23,0.10,0.23
Moussa Diarra,ml MLI,DF,Toulouse,21,2000,23,12,"1,225",13.6,0,1,1,0,0,0,0,0,0.2,0.2,0.7,0.9,21,50,43,0.00,0.07,0.07,0.00,0.07,0.01,0.05,0.06,0.01,0.06
Stéphane Diarra,fr FRA,"FW,MF",Lorient,23,1998,28,14,"1,066",11.8,2,0,2,2,0,0,1,0,2.2,2.2,1.7,4.0,40,33,85,0.17,0.00,0.17,0.17,0.17,0.19,0.15,0.33,0.19,0.33
Krépin Diatta,sn SEN,"MF,FW",Monaco,23,1999,31,22,"2,072",23.0,4,2,6,4,0,0,3,0,4.6,4.6,3.4,8.0,80,90,229,0.17,0.09,0.26,0.17,0.26,0.20,0.15,0.35,0.20,0.35
Bamba Dieng,sn SEN,"FW,MF",Marseille,22,2000,10,1,194,2.2,1,0,1,1,0,0,1,0,1.5,1.5,0.1,1.6,5,1,23,0.46,0.00,0.46,0.46,0.46,0.71,0.04,0.76,0.71,0.76
Bamba Dieng,sn SEN,FW,Lorient,22,2000,15,9,747,8.3,3,0,3,2,1,1,1,0,4.9,4.1,0.6,4.7,4,7,48,0.36,0.00,0.36,0.24,0.24,0.59,0.08,0.67,0.50,0.57
Sinaly Diomande,ci CIV,DF,Lyon,21,2001,24,22,"1,957",21.7,0,0,0,0,0,0,2,1,0.8,0.8,0.2,1.0,10,108,8,0.00,0.00,0.00,0.00,0.00,0.04,0.01,0.05,0.04,0.05
Edan Diop,fr FRA,"DF,FW",Monaco,17,2004,7,1,223,2.5,1,0,1,1,0,0,0,0,1.2,1.2,0.8,2.1,8,17,29,0.40,0.00,0.40,0.40,0.40,0.49,0.34,0.83,0.49,0.83
Sofiane Diop,fr FRA,"MF,FW",Nice,22,2000,22,14,"1,228",13.6,1,4,5,1,0,0,1,0,2.6,2.6,1.9,4.4,55,72,91,0.07,0.29,0.37,0.07,0.37,0.19,0.14,0.33,0.19,0.33
Sofiane Diop,fr FRA,MF,Monaco,22,2000,1,1,65,0.7,1,0,1,1,0,0,0,0,1.0,1.0,0.1,1.1,5,2,10,1.38,0.00,1.38,1.38,1.38,1.40,0.11,1.51,1.40,1.51
Yehvann Diouf,fr FRA,GK,Reims,22,1999,31,31,"2,790",31.0,0,0,0,0,0,0,2,0,0.0,0.0,0.0,0.0,0,1,0,0.00,0.00,0.00,0.00,0.00,0.00,0.00,0.00,0.00,0.00
Tiago Djaló,pt POR,DF,Lille,22,2000,25,24,"2,017",22.4,2,0,2,2,0,0,7,0,1.3,1.3,0.1,1.4,9,70,4,0.09,0.00,0.09,0.09,0.09,0.06,0.01,0.06,0.06,0.06
Moussa Djitte,sn SEN,FW,Ajaccio,22,1999,6,1,136,1.5,0,0,0,0,0,0,0,0,0.1,0.1,0.0,0.2,0,2,12,0.00,0.00,0.00,0.00,0.00,0.09,0.01,0.10,0.09,0.10
Alan Do Marcolino,ga GAB,FW,Rennes,20,2002,3,0,19,0.2,0,0,0,0,0,0,0,0,0.0,0.0,0.0,0.0,0,0,0,0.00,0.00,0.00,0.00,0.00,0.00,0.00,0.00,0.00,0.00
Jeremy Doku,be BEL,"MF,FW",Rennes,20,2002,29,13,"1,291",14.3,6,2,8,6,0,0,0,0,2.7,2.7,4.9,7.5,101,71,156,0.42,0.14,0.56,0.42,0.56,0.19,0.34,0.53,0.19,0.53
Kyliane Dong,fr FRA,"MF,FW",Troyes,17,2004,6,2,213,2.4,0,0,0,0,0,0,0,0,0.1,0.1,0.2,0.3,12,4,18,0.00,0.00,0.00,0.00,0.00,0.06,0.08,0.15,0.06,0.15
Jordan Dongmo,cm CMR,MF,Troyes,21,2001,2,0,20,0.2,0,0,0,0,0,0,0,0,0.0,0.0,0.0,0.0,0,0,0,0.00,0.00,0.00,0.00,0.00,0.00,0.00,0.00,0.00,0.00
Gianluigi Donnarumma,it ITA,GK,Paris S-G,23,1999,38,38,"3,409",37.9,0,0,0,0,0,0,3,0,0.0,0.0,0.0,0.0,0,0,0,0.00,0.00,0.00,0.00,0.00,0.00,0.00,0.00,0.00,0.00
Lohann Doucet,fr FRA,"MF,FW",Nantes,19,2002,9,0,91,1.0,0,0,0,0,0,0,0,0,0.1,0.1,0.2,0.2,2,9,1,0.00,0.00,0.00,0.00,0.00,0.05,0.15,0.20,0.05,0.20
Siriné Doucouré,ml MLI,"FW,MF",Lorient,20,2002,12,0,136,1.5,0,1,1,0,0,0,0,0,0.7,0.7,0.6,1.3,5,5,20,0.00,0.66,0.66,0.00,0.66,0.47,0.41,0.88,0.47,0.88
Désiré Doué,fr FRA,"MF,FW",Rennes,17,2005,26,11,"1,115",12.4,3,1,4,3,0,0,5,0,1.6,1.6,1.5,3.1,39,57,83,0.24,0.08,0.32,0.24,0.32,0.13,0.12,0.25,0.13,0.25
Guela Doué,ci CIV,"FW,MF",Rennes,19,2002,2,0,12,0.1,0,0,0,0,0,0,0,0,0.0,0.0,0.0,0.0,0,1,0,0.00,0.00,0.00,0.00,0.00,0.25,0.00,0.25,0.25,0.25
Ismaël Doukouré,fr FRA,"DF,MF",Strasbourg,19,2003,28,25,"2,297",25.5,1,1,2,1,0,0,5,0,0.3,0.3,0.4,0.7,27,99,20,0.04,0.04,0.08,0.04,0.08,0.01,0.02,0.03,0.01,0.03
Kamory Doumbia,ml MLI,MF,Reims,19,2003,26,13,"1,155",12.8,2,2,4,1,1,1,0,0,3.7,2.9,2.9,5.8,29,85,82,0.16,0.16,0.31,0.08,0.23,0.29,0.23,0.51,0.23,0.45
Hugo Ekitike,fr FRA,FW,Paris S-G,20,2002,25,12,"1,155",12.8,3,4,7,3,0,0,0,0,3.7,3.7,1.6,5.3,23,23,84,0.23,0.31,0.55,0.23,0.55,0.29,0.13,0.42,0.29,0.42
Maxime Estève,fr FRA,DF,Montpellier,20,2002,23,18,"1,646",18.3,0,0,0,0,0,0,3,0,0.6,0.6,0.1,0.6,9,44,1,0.00,0.00,0.00,0.00,0.00,0.03,0.00,0.03,0.03,0.03
Noah Fadiga,sn SEN,DF,Brest,22,1999,21,16,"1,308",14.5,1,0,1,1,0,0,2,0,0.7,0.7,0.1,0.8,43,63,36,0.07,0.00,0.07,0.07,0.07,0.05,0.01,0.06,0.05,0.06
Fallou Fall,sn SEN,DF,Reims,18,2004,1,0,32,0.4,0,0,0,0,0,0,1,0,0.0,0.0,0.0,0.0,0,1,0,0.00,0.00,0.00,0.00,0.00,0.00,0.00,0.00,0.00,0.00
Khalil Fayad,fr FRA,MF,Montpellier,18,2004,24,7,718,8.0,0,2,2,0,0,0,1,1,0.5,0.5,1.4,1.9,9,22,11,0.00,0.25,0.25,0.00,0.25,0.06,0.17,0.24,0.06,0.24
Cheikh Faye,sn SEN,FW,Montpellier,23,1999,2,0,37,0.4,0,0,0,0,0,0,0,0,0.0,0.0,0.0,0.0,0,0,3,0.00,0.00,0.00,0.00,0.00,0.00,0.00,0.00,0.00,0.00
Alexis Flips,fr FRA,"FW,MF",Reims,22,2000,33,28,"1,978",22.0,4,6,10,4,0,0,3,1,3.9,3.9,6.2,10.0,23,110,162,0.18,0.27,0.46,0.18,0.46,0.18,0.28,0.46,0.18,0.46
Yahia Fofana,ci CIV,GK,Angers,21,2000,11,11,990,11.0,0,0,0,0,0,0,2,0,0.0,0.0,0.0,0.0,0,0,0,0.00,0.00,0.00,0.00,0.00,0.00,0.00,0.00,0.00,0.00
Youssouf Fofana,fr FRA,MF,Monaco,23,1999,36,35,"3,086",34.3,2,2,4,2,0,0,4,2,2.8,2.8,4.4,7.2,81,238,71,0.06,0.06,0.12,0.06,0.12,0.08,0.13,0.21,0.08,0.21
Ignatius Ganago,cm CMR,"FW,MF",Nantes,23,1999,28,16,"1,520",16.9,5,3,8,5,0,0,0,0,3.7,3.7,1.7,5.4,27,20,101,0.30,0.18,0.47,0.30,0.47,0.22,0.10,0.32,0.22,0.32
Ignatius Ganago,cm CMR,FW,Lens,23,1999,4,0,59,0.7,0,0,0,0,0,0,0,0,0.0,0.0,0.0,0.0,0,3,3,0.00,0.00,0.00,0.00,0.00,0.07,0.00,0.07,0.07,0.07
Denis Genreau,au AUS,MF,Toulouse,23,1999,20,7,657,7.3,0,1,1,0,0,0,3,0,0.6,0.6,0.7,1.3,9,27,34,0.00,0.14,0.14,0.00,0.14,0.08,0.10,0.18,0.08,0.18
Ismaël Gharbi,es ESP,"MF,FW",Paris S-G,18,2004,6,0,58,0.6,0,0,0,0,0,0,1,0,0.2,0.2,0.0,0.2,3,1,8,0.00,0.00,0.00,0.00,0.00,0.32,0.00,0.32,0.32,0.32
Angel Gomes,eng ENG,MF,Lille,21,2000,36,34,"2,816",31.3,2,6,8,1,1,1,8,0,4.6,3.8,3.1,6.9,39,166,115,0.06,0.19,0.26,0.03,0.22,0.15,0.10,0.24,0.12,0.22
Amine Gouiri,dz ALG,"FW,MF",Nice,22,2000,3,3,226,2.5,0,0,0,0,0,0,0,0,0.6,0.6,0.3,0.8,8,1,18,0.00,0.00,0.00,0.00,0.00,0.23,0.10,0.33,0.23,0.33
Amine Gouiri,dz ALG,"FW,MF",Rennes,22,2000,33,29,"2,523",28.0,15,3,18,15,0,0,4,0,11.1,11.1,4.3,15.4,63,70,205,0.54,0.11,0.64,0.54,0.64,0.40,0.15,0.55,0.40,0.55
Gabriel Gudmundsson,se SWE,"DF,FW",Lille,23,1999,18,9,838,9.3,0,0,0,0,0,0,3,0,0.5,0.5,0.9,1.3,44,31,57,0.00,0.00,0.00,0.00,0.00,0.05,0.09,0.14,0.05,0.14
Axel Gueguin,fr FRA,"FW,MF",Montpellier,17,2005,5,0,24,0.3,0,0,0,0,0,0,0,0,0.0,0.0,0.0,0.0,0,0,6,0.00,0.00,0.00,0.00,0.00,0.00,0.00,0.00,0.00,0.00
Mattéo Guendouzi,fr FRA,MF,Marseille,23,1999,33,25,"2,108",23.4,2,4,6,1,1,1,3,0,3.3,2.5,2.1,4.6,50,170,100,0.09,0.17,0.26,0.04,0.21,0.14,0.09,0.23,0.11,0.20
Evann Guessand,ci CIV,"FW,MF",Nantes,21,2001,30,15,"1,260",14.0,3,2,5,3,0,0,2,0,2.6,2.6,1.3,3.9,46,37,97,0.21,0.14,0.36,0.21,0.36,0.18,0.10,0.28,0.18,0.28
Pape Gueye,sn SEN,"MF,DF",Marseille,23,1999,14,4,492,5.5,1,1,2,1,0,0,1,0,0.7,0.7,0.9,1.6,9,31,13,0.18,0.18,0.37,0.18,0.37,0.13,0.16,0.29,0.13,0.29
Rafik Guitane,fr FRA,FW,Reims,23,1999,1,0,3,0.0,0,0,0,0,0,0,0,0,0.0,0.0,0.0,0.0,0,0,0,0.00,0.00,0.00,0.00,0.00,0.00,0.00,0.00,0.00,0.00
Malo Gusto,fr FRA,DF,Lyon,19,2003,21,19,"1,595",17.7,0,1,1,0,0,0,1,0,0.4,0.4,3.1,3.5,66,82,147,0.00,0.06,0.06,0.00,0.06,0.02,0.18,0.20,0.02,0.20
Jaouen Hadjam,dz ALG,DF,Nantes,19,2003,13,8,805,8.9,0,1,1,0,0,0,1,0,0.2,0.2,0.3,0.5,22,45,39,0.00,0.11,0.11,0.00,0.11,0.02,0.03,0.06,0.02,0.06
Achraf Hakimi,ma MAR,"DF,MF",Paris S-G,23,1998,28,23,"2,053",22.8,5,3,8,5,0,0,7,2,3.8,3.8,3.0,6.8,85,99,229,0.22,0.13,0.35,0.22,0.35,0.17,0.13,0.30,0.17,0.30
Mathis Hamdi,fr FRA,DF,Troyes,18,2003,2,0,69,0.8,0,0,0,0,0,0,0,0,0.0,0.0,0.0,0.0,0,1,7,0.00,0.00,0.00,0.00,0.00,0.00,0.00,0.00,0.00,0.00
Ben Hamed Touré,ci CIV,FW,Ajaccio,18,2003,4,2,209,2.3,0,0,0,0,0,0,0,0,0.1,0.1,0.0,0.1,2,1,8,0.00,0.00,0.00,0.00,0.00,0.04,0.00,0.04,0.04,0.04
Saïd Hamulic,ba BIH,FW,Toulouse,21,2000,6,0,104,1.2,0,0,0,0,0,0,1,0,0.0,0.0,0.0,0.1,1,2,3,0.00,0.00,0.00,0.00,0.00,0.04,0.03,0.06,0.04,0.06
Noah Holm,no NOR,"FW,MF",Reims,21,2001,8,2,194,2.2,0,0,0,0,0,0,1,0,0.3,0.3,0.3,0.6,1,2,8,0.00,0.00,0.00,0.00,0.00,0.15,0.15,0.30,0.15,0.30
Ilyes Housni,fr FRA,FW,Paris S-G,17,2005,1,0,11,0.1,0,0,0,0,0,0,0,0,0.0,0.0,0.0,0.0,0,0,1,0.00,0.00,0.00,0.00,0.00,0.00,0.00,0.00,0.00,0.00
Mounaim El Idrissy,fr FRA,FW,Ajaccio,23,1999,32,30,"2,497",27.7,6,0,6,6,0,0,10,0,7.2,7.2,1.0,8.2,21,40,173,0.22,0.00,0.22,0.22,0.22,0.26,0.03,0.30,0.26,0.30
Rareş Ilie,ro ROU,"MF,FW",Nice,19,2003,4,2,148,1.6,0,0,0,0,0,0,0,0,0.3,0.3,0.2,0.5,7,1,6,0.00,0.00,0.00,0.00,0.00,0.18,0.14,0.32,0.18,0.32
Ismail Jakobs,sn SEN,"DF,FW",Monaco,22,1999,32,9,"1,119",12.4,0,2,2,0,0,0,3,0,1.0,1.0,1.5,2.5,39,46,109,0.00,0.16,0.16,0.00,0.16,0.08,0.12,0.20,0.08,0.20
Dany Jean,ht HAI,"DF,MF",Strasbourg,19,2002,2,0,13,0.1,0,0,0,0,0,0,0,0,0.0,0.0,0.0,0.0,1,2,2,0.00,0.00,0.00,0.00,0.00,0.00,0.32,0.32,0.00,0.32
Jeffinho,br BRA,FW,Lyon,22,1999,9,4,446,5.0,1,0,1,1,0,0,1,0,1.1,1.1,0.5,1.6,27,10,52,0.20,0.00,0.20,0.20,0.20,0.23,0.10,0.33,0.23,0.33
Paul Joly,fr FRA,DF,Auxerre,22,2000,10,10,867,9.6,0,0,0,0,0,0,2,0,0.1,0.1,0.3,0.5,19,41,48,0.00,0.00,0.00,0.00,0.00,0.01,0.03,0.05,0.01,0.05
Eli Junior Kroupi,fr FRA,"FW,MF",Lorient,16,2006,1,0,8,0.1,0,0,0,0,0,0,0,0,0.0,0.0,0.0,0.0,0,0,0,0.00,0.00,0.00,0.00,0.00,0.00,0.00,0.00,0.00,0.00
Issa Kaboré,bf BFA,DF,Marseille,21,2001,22,9,"1,028",11.4,1,0,1,1,0,0,1,0,0.9,0.9,0.9,1.7,39,54,130,0.09,0.00,0.09,0.09,0.09,0.07,0.08,0.15,0.07,0.15
Arnaud Kalimuendo,fr FRA,FW,Rennes,20,2002,30,24,"1,849",20.5,7,3,10,7,0,0,0,0,7.5,7.5,2.4,9.9,36,32,193,0.34,0.15,0.49,0.34,0.49,0.36,0.12,0.48,0.36,0.48
Justin-Noël Kalumba,fr FRA,DF,Angers,17,2004,7,7,546,6.1,0,0,0,0,0,0,0,0,0.1,0.1,0.1,0.2,9,10,31,0.00,0.00,0.00,0.00,0.00,0.01,0.02,0.03,0.01,0.03
Waren Kamanzi,no NOR,DF,Toulouse,21,2000,11,7,665,7.4,0,0,0,0,0,0,1,0,0.3,0.3,0.3,0.5,22,22,28,0.00,0.00,0.00,0.00,0.00,0.04,0.04,0.07,0.04,0.07
Nordine Kandil,fr FRA,"MF,FW",Strasbourg,20,2001,7,0,101,1.1,0,1,1,0,0,0,0,0,0.2,0.2,0.8,0.9,9,6,9,0.00,0.89,0.89,0.00,0.89,0.14,0.70,0.84,0.14,0.84
Ayman Kari,fr FRA,"MF,DF",Lorient,17,2004,5,0,96,1.1,0,0,0,0,0,0,0,0,0.5,0.5,0.0,0.6,5,7,3,0.00,0.00,0.00,0.00,0.00,0.51,0.03,0.54,0.51,0.54
Kévin Keben Biakolo,cm CMR,DF,Toulouse,18,2004,11,4,362,4.0,0,0,0,0,0,0,1,0,0.0,0.0,0.2,0.2,5,5,18,0.00,0.00,0.00,0.00,0.00,0.01,0.05,0.06,0.01,0.06
Check Keita,fr FRA,DF,Reims,19,2003,9,8,682,7.6,0,0,0,0,0,0,1,0,0.2,0.2,0.0,0.2,8,19,0,0.00,0.00,0.00,0.00,0.00,0.03,0.00,0.03,0.03,0.03
Anthony Khelifa,dz ALG,DF,Ajaccio,16,2005,2,0,10,0.1,0,0,0,0,0,0,0,0,0.0,0.0,0.0,0.0,1,1,0,0.00,0.00,0.00,0.00,0.00,0.00,0.00,0.00,0.00,0.00
Samuel Koeberlé,fr FRA,MF,Reims,17,2004,1,0,3,0.0,0,0,0,0,0,0,0,0,0.0,0.0,0.0,0.0,0,0,1,0.00,0.00,0.00,0.00,0.00,0.00,0.00,0.00,0.00,0.00
Rudy Kohon,fr FRA,DF,Troyes,18,2004,1,0,64,0.7,0,0,0,0,0,0,0,0,0.0,0.0,0.0,0.0,0,2,0,0.00,0.00,0.00,0.00,0.00,0.00,0.00,0.00,0.00,0.00
Cheick Konaté,ml MLI,DF,Clermont Foot,18,2004,9,6,572,6.4,0,0,0,0,0,0,2,0,0.4,0.4,0.2,0.6,12,21,9,0.00,0.00,0.00,0.00,0.00,0.06,0.04,0.10,0.06,0.10
Ibrahima Koné,ml MLI,FW,Lorient,23,1999,37,15,"1,577",17.5,7,1,8,5,2,3,3,0,5.6,3.2,1.0,4.3,15,27,109,0.40,0.06,0.46,0.29,0.34,0.32,0.06,0.38,0.18,0.24
Sael Kumbedi,fr FRA,DF,Lyon,17,2005,20,14,"1,320",14.7,0,2,2,0,0,0,8,0,0.4,0.4,1.2,1.7,16,40,84,0.00,0.14,0.14,0.00,0.14,0.03,0.09,0.11,0.03,0.11
Rémy Labeau Lascary,gp GLP,"FW,MF",Lens,19,2003,10,0,123,1.4,0,0,0,0,0,0,0,0,0.4,0.4,0.0,0.4,3,3,16,0.00,0.00,0.00,0.00,0.00,0.28,0.03,0.32,0.28,0.32
Alban Lafont,fr FRA,GK,Nantes,23,1999,37,37,"3,329",37.0,0,0,0,0,0,0,2,1,0.0,0.0,0.1,0.1,1,1,0,0.00,0.00,0.00,0.00,0.00,0.00,0.00,0.00,0.00,0.00
Yasser Larouci,dz ALG,"DF,MF",Troyes,21,2001,30,21,"1,797",20.0,1,1,2,1,0,0,1,0,0.5,0.5,1.6,2.2,72,63,113,0.05,0.05,0.10,0.05,0.10,0.03,0.08,0.11,0.03,0.11
Armand Lauriente,fr FRA,FW,Lorient,23,1998,3,3,266,3.0,1,0,1,1,0,0,0,0,1.8,1.8,1.1,2.9,14,14,21,0.34,0.00,0.34,0.34,0.34,0.60,0.38,0.98,0.60,0.98
Théo Le Bris,fr FRA,"MF,DF",Lorient,19,2002,27,15,"1,452",16.1,2,2,4,2,0,0,0,0,1.1,1.1,1.2,2.3,51,47,103,0.12,0.12,0.25,0.12,0.25,0.07,0.07,0.14,0.07,0.14
Enzo Le Fée,fr FRA,MF,Lorient,22,2000,35,35,"3,028",33.6,5,6,11,5,0,0,5,0,3.5,3.5,6.8,10.3,96,218,105,0.15,0.18,0.33,0.15,0.33,0.11,0.20,0.31,0.11,0.31
Paolo Lebas,fr FRA,MF,Ajaccio,19,2003,1,0,55,0.6,0,0,0,0,0,0,0,0,0.0,0.0,0.0,0.0,0,2,0,0.00,0.00,0.00,0.00,0.00,0.00,0.00,0.00,0.00,0.00
Félix Lemaréchal,fr FRA,MF,Brest,18,2003,13,2,288,3.2,0,0,0,0,0,0,2,0,0.1,0.1,0.5,0.6,5,14,9,0.00,0.00,0.00,0.00,0.00,0.02,0.16,0.19,0.02,0.19
Johann Lepenant,fr FRA,MF,Lyon,19,2002,31,21,"1,933",21.5,1,2,3,1,0,0,4,0,0.9,0.9,1.2,2.0,20,125,44,0.05,0.09,0.14,0.05,0.14,0.04,0.05,0.09,0.04,0.09
Léo Leroy,fr FRA,MF,Montpellier,22,2000,27,14,"1,192",13.2,0,0,0,0,0,0,7,0,1.1,1.1,0.9,2.0,14,61,25,0.00,0.00,0.00,0.00,0.00,0.08,0.07,0.15,0.08,0.15
Ruan Levine,br BRA,"MF,FW",Ajaccio,23,1999,3,0,24,0.3,0,0,0,0,0,0,0,0,0.2,0.2,0.1,0.3,0,1,4,0.00,0.00,0.00,0.00,0.00,0.56,0.46,1.02,0.56,1.02
Bradley Locko,fr FRA,DF,Reims,20,2002,15,13,"1,059",11.8,0,0,0,0,0,0,3,1,0.2,0.2,0.5,0.7,31,55,39,0.00,0.00,0.00,0.00,0.00,0.02,0.05,0.06,0.02,0.06
Bradley Locko,fr FRA,DF,Brest,20,2002,7,2,270,3.0,0,0,0,0,0,0,0,0,0.0,0.0,0.2,0.2,11,7,5,0.00,0.00,0.00,0.00,0.00,0.00,0.05,0.05,0.00,0.05
Dion Lopy,sn SEN,MF,Reims,20,2002,29,16,"1,379",15.3,0,1,1,0,0,0,6,2,0.9,0.9,1.6,2.5,17,101,38,0.00,0.07,0.07,0.00,0.07,0.06,0.10,0.16,0.06,0.16
Jordan Lotomba,ch SUI,DF,Nice,23,1998,33,27,"2,453",27.3,0,2,2,0,0,0,4,0,0.9,0.9,0.9,1.8,82,106,99,0.00,0.07,0.07,0.00,0.07,0.03,0.03,0.07,0.03,0.07
Castello Lukeba,fr FRA,DF,Lyon,19,2002,34,33,"2,986",33.2,2,0,2,2,0,0,9,1,1.2,1.2,0.3,1.4,24,166,9,0.06,0.00,0.06,0.06,0.06,0.03,0.01,0.04,0.03,0.04
Soungoutou Magassa,fr FRA,MF,Monaco,18,2003,2,0,82,0.9,0,0,0,0,0,0,0,0,0.0,0.0,0.0,0.0,0,3,1,0.00,0.00,0.00,0.00,0.00,0.00,0.00,0.00,0.00,0.00
Béni Makouana,cg CGO,"FW,MF",Montpellier,19,2002,8,1,198,2.2,0,0,0,0,0,0,1,0,0.8,0.8,0.0,0.8,9,2,17,0.00,0.00,0.00,0.00,0.00,0.37,0.01,0.38,0.37,0.38
Hianga Mananga Mbock,fr FRA,MF,Brest,22,1999,2,0,15,0.2,0,0,0,0,0,0,0,0,0.0,0.0,0.0,0.0,2,0,1,0.00,0.00,0.00,0.00,0.00,0.00,0.00,0.00,0.00,0.00
Myziane Maolida,km COM,"MF,FW",Reims,23,1999,9,2,232,2.6,1,0,1,1,0,0,0,0,0.5,0.5,0.4,0.9,13,8,26,0.39,0.00,0.39,0.39,0.39,0.18,0.17,0.35,0.18,0.35
Han-Noah Massengo,fr FRA,MF,Auxerre,21,2001,14,13,"1,116",12.4,0,0,0,0,0,0,3,0,1.4,1.4,0.6,2.0,21,48,29,0.00,0.00,0.00,0.00,0.00,0.11,0.05,0.16,0.11,0.16
Yanis Massolin,fr FRA,MF,Clermont Foot,19,2002,6,0,60,0.7,0,0,0,0,0,0,0,0,0.0,0.0,0.0,0.0,0,4,0,0.00,0.00,0.00,0.00,0.00,0.07,0.00,0.07,0.07,0.07
Eliot Matazo,be BEL,MF,Monaco,20,2002,23,13,"1,175",13.1,1,0,1,1,0,0,2,0,0.2,0.2,0.1,0.3,5,60,10,0.08,0.00,0.08,0.08,0.08,0.02,0.01,0.03,0.02,0.03
Chrislain Matsima,fr FRA,"DF,MF",Lorient,20,2002,6,2,227,2.5,0,0,0,0,0,0,0,0,0.1,0.1,0.0,0.1,0,1,0,0.00,0.00,0.00,0.00,0.00,0.02,0.00,0.02,0.02,0.02
Chrislain Matsima,fr FRA,DF,Monaco,20,2002,8,5,446,5.0,0,1,1,0,0,0,0,0,0.7,0.7,0.4,1.0,2,23,9,0.00,0.20,0.20,0.00,0.20,0.14,0.07,0.21,0.14,0.21
Jean Mattéo Bahoya,fr FRA,"FW,MF",Angers,17,2005,10,2,270,3.0,0,0,0,0,0,0,0,0,0.5,0.5,0.4,0.9,9,3,20,0.00,0.00,0.00,0.00,0.00,0.17,0.12,0.29,0.17,0.29
Aïman Maurer,ma MAR,MF,Clermont Foot,17,2004,10,6,501,5.6,0,1,1,0,0,0,0,0,1.2,1.2,1.5,2.7,21,9,40,0.00,0.18,0.18,0.00,0.18,0.22,0.26,0.48,0.22,0.48
Christian Mawissa,fr FRA,DF,Toulouse,17,2005,2,1,98,1.1,0,0,0,0,0,0,1,0,0.0,0.0,0.0,0.0,1,6,1,0.00,0.00,0.00,0.00,0.00,0.00,0.00,0.00,0.00,0.00
Derek Mazou-Sacko,fr FRA,MF,Troyes,17,2004,1,0,16,0.2,0,0,0,0,0,0,0,0,0.0,0.0,0.0,0.0,1,1,1,0.00,0.00,0.00,0.00,0.00,0.00,0.00,0.00,0.00,0.00
Kylian Mbappé,fr FRA,FW,Paris S-G,23,1998,34,32,"2,818",31.3,29,5,34,26,3,5,6,0,26.3,22.2,7.4,29.5,165,128,468,0.93,0.16,1.09,0.83,0.99,0.84,0.23,1.07,0.71,0.94
Jason Mbock,fr FRA,"MF,FW",Angers,22,1999,2,0,25,0.3,0,0,0,0,0,0,0,0,0.0,0.0,0.3,0.3,0,1,2,0.00,0.00,0.00,0.00,0.00,0.00,1.10,1.10,0.00,1.10
Nathanael Mbuku,cd COD,"FW,MF",Reims,20,2002,6,0,66,0.7,0,0,0,0,0,0,0,0,0.1,0.1,0.0,0.1,4,3,6,0.00,0.00,0.00,0.00,0.00,0.12,0.00,0.12,0.12,0.12
Facundo Medina,ar ARG,DF,Lens,23,1999,32,32,"2,779",30.9,2,4,6,2,0,0,7,0,2.6,2.6,1.8,4.3,81,238,30,0.06,0.13,0.19,0.06,0.19,0.08,0.06,0.14,0.08,0.14
Bamo Meïté,ci CIV,DF,Lorient,20,2001,17,16,"1,503",16.7,1,0,1,1,0,0,5,0,0.7,0.7,0.1,0.8,10,32,1,0.06,0.00,0.06,0.06,0.06,0.04,0.01,0.05,0.04,0.05
Nuno Mendes,pt POR,DF,Paris S-G,20,2002,23,18,"1,548",17.2,1,6,7,1,0,0,2,0,1.0,1.0,2.8,3.9,51,77,195,0.06,0.35,0.41,0.06,0.41,0.06,0.17,0.23,0.06,0.23
Antoine Mendy,fr FRA,DF,Nice,18,2004,11,7,518,5.8,0,1,1,0,0,0,0,0,0.3,0.3,0.4,0.7,2,21,37,0.00,0.17,0.17,0.00,0.17,0.06,0.07,0.13,0.06,0.13
Batista Mendy,fr FRA,"MF,DF",Angers,22,2000,35,35,"2,859",31.8,0,0,0,0,0,0,8,1,0.9,0.9,1.2,2.1,27,195,49,0.00,0.00,0.00,0.00,0.00,0.03,0.04,0.07,0.03,0.07
Quentin Merlin,fr FRA,DF,Nantes,20,2002,24,22,"1,791",19.9,1,2,3,1,0,0,2,0,0.8,0.8,3.3,4.1,43,94,96,0.05,0.10,0.15,0.05,0.15,0.04,0.16,0.20,0.04,0.20
Amine Messoussa,fr FRA,FW,Lille,17,2004,1,0,1,0.0,0,0,0,0,0,0,0,0,0.0,0.0,0.0,0.0,0,0,1,0.00,0.00,0.00,0.00,0.00,0.00,0.00,0.00,0.00,0.00
Terem Moffi,ng NGA,FW,Nice,23,1999,16,15,"1,328",14.8,6,3,9,6,0,0,2,0,8.3,8.3,2.9,11.1,25,20,77,0.41,0.20,0.61,0.41,0.61,0.56,0.19,0.75,0.56,0.75
Terem Moffi,ng NGA,FW,Lorient,23,1999,18,17,"1,386",15.4,12,0,12,11,1,2,1,0,7.3,5.7,0.5,6.2,29,20,61,0.78,0.00,0.78,0.71,0.71,0.47,0.03,0.50,0.37,0.40
François Mughe,cm CMR,MF,Marseille,18,2004,1,0,11,0.1,0,0,0,0,0,0,0,0,0.0,0.0,0.0,0.0,0,0,0,0.00,0.00,0.00,0.00,0.00,0.00,0.00,0.00,0.00,0.00
Nathan N'Goumou,fr FRA,FW,Toulouse,22,2000,1,1,90,1.0,0,0,0,0,0,0,0,0,0.0,0.0,0.3,0.3,1,5,7,0.00,0.00,0.00,0.00,0.00,0.00,0.25,0.25,0.00,0.25
Youssouf Ndayishimiye,bi BDI,"MF,DF",Nice,23,1998,10,6,568,6.3,1,0,1,1,0,0,2,0,0.5,0.5,0.1,0.5,7,30,5,0.16,0.00,0.16,0.16,0.16,0.08,0.01,0.08,0.08,0.08
Papa Ndiaga Yade,mr MTN,"DF,MF",Troyes,22,2000,14,6,568,6.3,0,2,2,0,0,0,1,1,0.7,0.7,1.3,1.9,29,16,45,0.00,0.32,0.32,0.00,0.32,0.11,0.20,0.31,0.11,0.31
Ibrahima Niane,sn SEN,FW,Angers,23,1999,16,15,"1,136",12.6,2,0,2,2,0,0,4,0,3.4,3.4,0.5,3.9,11,24,57,0.16,0.00,0.16,0.16,0.16,0.27,0.04,0.31,0.27,0.31
Wilson Odobert,fr FRA,"MF,FW",Troyes,17,2004,32,19,"1,764",19.6,4,2,6,4,0,0,0,0,2.6,2.6,1.8,4.4,72,47,132,0.20,0.10,0.31,0.20,0.31,0.13,0.09,0.23,0.13,0.23
Warmed Omari,km COM,DF,Rennes,22,2000,16,15,"1,363",15.1,0,0,0,0,0,0,2,1,0.6,0.6,0.4,1.0,4,58,0,0.00,0.00,0.00,0.00,0.00,0.04,0.03,0.06,0.04,0.06
Jean Onana,cm CMR,"MF,DF",Lens,22,2000,21,9,810,9.0,0,0,0,0,0,0,3,0,0.4,0.4,0.4,0.8,12,29,18,0.00,0.00,0.00,0.00,0.00,0.04,0.04,0.08,0.04,0.08
Loïs Openda,be BEL,FW,Lens,22,2000,38,29,"2,517",28.0,21,4,25,20,1,1,2,0,18.4,17.6,4.0,21.6,61,42,206,0.75,0.14,0.89,0.72,0.86,0.66,0.14,0.80,0.63,0.77
Dango Ouattara,bf BFA,"FW,MF",Lorient,20,2002,18,18,"1,548",17.2,6,5,11,6,0,0,3,1,5.2,5.2,3.1,8.3,64,39,151,0.35,0.29,0.64,0.35,0.64,0.30,0.18,0.48,0.30,0.48
Zinédine Ould Khaled,fr FRA,"MF,FW",Angers,22,2000,4,0,51,0.6,0,0,0,0,0,0,0,0,0.3,0.3,0.0,0.3,0,5,2,0.00,0.00,0.00,0.00,0.00,0.54,0.00,0.54,0.54,0.54
Azzedine Ounahi,ma MAR,"MF,FW",Marseille,22,2000,7,1,121,1.3,1,0,1,1,0,0,0,0,0.7,0.7,0.2,0.9,6,5,8,0.74,0.00,0.74,0.74,0.74,0.50,0.16,0.65,0.50,0.65
Azzedine Ounahi,ma MAR,"MF,FW",Angers,22,2000,15,13,"1,129",12.5,0,0,0,0,0,0,1,0,1.8,1.8,1.6,3.4,53,87,77,0.00,0.00,0.00,0.00,0.00,0.14,0.12,0.27,0.14,0.27
Ante Palaversa,hr CRO,MF,Troyes,22,2000,2,0,31,0.3,1,0,1,1,0,0,0,0,0.5,0.5,0.1,0.6,0,0,0,2.90,0.00,2.90,2.90,2.90,1.47,0.19,1.66,1.47,1.66
Timothee Pembele,fr FRA,DF,Paris S-G,19,2002,5,4,263,2.9,0,1,1,0,0,0,0,0,0.2,0.2,0.3,0.5,4,5,20,0.00,0.34,0.34,0.00,0.34,0.05,0.11,0.17,0.05,0.17
Brayann Pereira,fr FRA,DF,Auxerre,19,2003,2,2,180,2.0,0,0,0,0,0,0,0,0,0.0,0.0,0.0,0.0,4,4,8,0.00,0.00,0.00,0.00,0.00,0.00,0.00,0.00,0.00,0.00
Lucas Perrin,fr FRA,DF,Strasbourg,23,1998,26,18,"1,765",19.6,0,1,1,0,0,0,4,0,0.5,0.5,1.0,1.5,13,50,14,0.00,0.05,0.05,0.00,0.05,0.03,0.05,0.08,0.03,0.08
Julien Ponceau,fr FRA,MF,Lorient,21,2000,31,20,"1,655",18.4,1,4,5,1,0,0,1,0,1.8,1.8,3.0,4.8,53,101,103,0.05,0.22,0.27,0.05,0.27,0.10,0.16,0.26,0.10,0.26
Łukasz Poręba,pl POL,MF,Lens,22,2000,10,3,260,2.9,0,1,1,0,0,0,1,0,0.6,0.6,0.7,1.3,3,20,18,0.00,0.35,0.35,0.00,0.35,0.20,0.23,0.44,0.20,0.44
Jackson Porozo,ec ECU,DF,Troyes,21,2000,22,17,"1,617",18.0,2,0,2,2,0,0,3,0,2.8,2.8,0.2,3.0,6,26,4,0.11,0.00,0.11,0.11,0.11,0.16,0.01,0.17,0.16,0.17
Mehdi Puch-Herrantz,fr FRA,MF,Ajaccio,18,2004,4,0,47,0.5,0,0,0,0,0,0,0,0,0.0,0.0,0.1,0.1,3,4,1,0.00,0.00,0.00,0.00,0.00,0.00,0.22,0.22,0.00,0.22
Ghjuvanni Quilichini,fr FRA,GK,Ajaccio,19,2002,1,0,82,0.9,0,0,0,0,0,0,0,0,0.0,0.0,0.0,0.0,0,0,0,0.00,0.00,0.00,0.00,0.00,0.00,0.00,0.00,0.00,0.00
Simon Ramet,fr FRA,DF,Lille,19,2003,1,0,1,0.0,0,0,0,0,0,0,0,0,0.0,0.0,0.0,0.0,0,0,0,0.00,0.00,0.00,0.00,0.00,0.00,0.00,0.00,0.00,0.00
Lilian Raolisoa,fr FRA,"DF,MF",Angers,22,2000,7,0,173,1.9,1,0,1,1,0,0,0,0,0.2,0.2,0.8,1.0,5,10,16,0.52,0.00,0.52,0.52,0.52,0.09,0.41,0.50,0.09,0.50
Alexsandro Ribeiro,br BRA,DF,Lille,22,1999,21,16,"1,612",17.9,3,0,3,3,0,0,4,0,1.8,1.8,0.1,1.9,9,90,7,0.17,0.00,0.17,0.17,0.17,0.10,0.01,0.11,0.10,0.11
Anthony Rouault,fr FRA,DF,Toulouse,21,2001,37,37,"3,314",36.8,2,1,3,2,0,0,4,1,3.3,3.3,0.8,4.1,10,136,6,0.05,0.03,0.08,0.05,0.08,0.09,0.02,0.11,0.09,0.11
Kays Ruiz,fr FRA,MF,Auxerre,19,2002,1,1,62,0.7,0,0,0,0,0,0,1,0,0.0,0.0,0.0,0.0,1,0,2,0.00,0.00,0.00,0.00,0.00,0.00,0.00,0.00,0.00,0.00
Halid Šabanović,ba BIH,DF,Angers,22,1999,15,8,638,7.1,2,0,2,2,0,0,1,1,0.9,0.9,0.0,1.0,5,20,30,0.28,0.00,0.28,0.28,0.28,0.13,0.01,0.14,0.13,0.14
Théo Sainte-Luce,fr FRA,DF,Montpellier,23,1998,9,7,534,5.9,1,1,2,1,0,0,0,0,0.4,0.4,0.7,1.2,5,14,36,0.17,0.17,0.34,0.17,0.34,0.07,0.13,0.20,0.07,0.20
Ibrahim Salah,ma MAR,"FW,MF",Rennes,20,2001,13,1,227,2.5,0,0,0,0,0,0,0,0,0.3,0.3,0.3,0.6,13,14,27,0.00,0.00,0.00,0.00,0.00,0.10,0.14,0.24,0.10,0.24
Amine Salama,fr FRA,"FW,MF",Angers,22,2000,25,12,"1,249",13.9,3,1,4,3,0,0,1,0,3.0,3.0,1.5,4.5,35,21,94,0.22,0.07,0.29,0.22,0.29,0.22,0.11,0.33,0.22,0.33
Amin Sarr,se SWE,FW,Lyon,21,2001,13,6,537,6.0,1,1,2,1,0,0,0,0,1.2,1.2,0.4,1.6,12,9,47,0.17,0.17,0.34,0.17,0.34,0.21,0.07,0.27,0.21,0.27
Malang Sarr,fr FRA,DF,Monaco,23,1999,13,8,716,8.0,0,0,0,0,0,0,3,0,0.0,0.0,0.0,0.0,5,59,2,0.00,0.00,0.00,0.00,0.00,0.00,0.00,0.01,0.00,0.01
Mamadou Sarr,fr FRA,MF,Lyon,16,2005,1,0,8,0.1,0,0,0,0,0,0,0,0,0.0,0.0,0.0,0.0,0,0,0,0.00,0.00,0.00,0.00,0.00,0.00,0.00,0.00,0.00,0.00
Alidu Seidu,gh GHA,DF,Clermont Foot,22,2000,28,28,"2,458",27.3,0,0,0,0,0,0,10,1,0.1,0.1,0.5,0.7,27,65,35,0.00,0.00,0.00,0.00,0.00,0.01,0.02,0.02,0.01,0.02
Marvin Senaya,tg TOG,DF,Strasbourg,21,2001,1,0,9,0.1,0,0,0,0,0,0,0,0,0.0,0.0,0.0,0.0,1,1,0,0.00,0.00,0.00,0.00,0.00,0.00,0.00,0.00,0.00,0.00
Abdallah Sima,sn SEN,FW,Angers,21,2001,34,19,"1,836",20.4,5,1,6,5,0,0,0,0,4.8,4.8,2.2,7.0,38,21,140,0.25,0.05,0.29,0.25,0.29,0.24,0.11,0.34,0.24,0.34
Lassine Sinayoko,ml MLI,"MF,FW",Auxerre,22,1999,33,16,"1,570",17.4,1,2,3,1,0,0,2,1,3.2,3.2,2.6,5.8,49,74,150,0.06,0.11,0.17,0.06,0.17,0.18,0.15,0.33,0.18,0.33
Naatan Skyttä,fi FIN,MF,Toulouse,20,2002,2,0,23,0.3,0,0,0,0,0,0,0,0,0.1,0.1,0.0,0.1,1,3,2,0.00,0.00,0.00,0.00,0.00,0.40,0.00,0.40,0.40,0.40
Moussa Soumano,fr FRA,FW,Ajaccio,17,2005,14,5,495,5.5,1,0,1,1,0,0,3,0,0.5,0.5,0.3,0.8,5,1,19,0.18,0.00,0.18,0.18,0.18,0.10,0.05,0.15,0.10,0.15
Djed Spence,eng ENG,DF,Rennes,21,2000,8,7,573,6.4,0,0,0,0,0,0,0,0,0.4,0.4,0.1,0.5,21,21,18,0.00,0.00,0.00,0.00,0.00,0.06,0.02,0.08,0.06,0.08
Calvin Stengs,nl NED,FW,Nice,23,1998,4,3,212,2.4,0,0,0,0,0,0,0,0,0.3,0.3,0.1,0.4,10,12,16,0.00,0.00,0.00,0.00,0.00,0.12,0.05,0.17,0.12,0.17
Tony Strata,ro ROU,"MF,DF",Ajaccio,17,2004,3,1,138,1.5,0,0,0,0,0,0,1,0,0.0,0.0,0.0,0.0,1,2,0,0.00,0.00,0.00,0.00,0.00,0.00,0.02,0.02,0.00,0.02
Kamaldeen Sulemana,gh GHA,"FW,MF",Rennes,20,2002,14,2,326,3.6,1,0,1,1,0,0,1,0,1.4,1.4,0.6,1.9,17,18,57,0.28,0.00,0.28,0.28,0.28,0.38,0.16,0.54,0.38,0.54
Yuito Suzuki,jp JPN,"FW,MF",Strasbourg,20,2001,3,0,36,0.4,1,0,1,1,0,0,0,0,0.1,0.1,0.0,0.1,3,3,6,2.50,0.00,2.50,2.50,2.50,0.34,0.00,0.34,0.34,0.34
Waniss Taibi,fr FRA,MF,Angers,20,2002,11,1,189,2.1,0,1,1,0,0,0,1,0,0.3,0.3,0.1,0.4,8,16,7,0.00,0.48,0.48,0.00,0.48,0.15,0.03,0.18,0.15,0.18
Thibault Tamas,fr FRA,DF,Montpellier,21,2001,1,0,10,0.1,0,0,0,0,0,0,0,0,0.0,0.0,0.0,0.0,0,0,1,0.00,0.00,0.00,0.00,0.00,0.00,0.00,0.00,0.00,0.00
Nuno Tavares,pt POR,"DF,MF",Marseille,22,2000,31,23,"2,349",26.1,6,0,6,6,0,0,6,1,4.5,4.5,2.6,7.1,96,115,245,0.23,0.00,0.23,0.23,0.23,0.17,0.10,0.27,0.17,0.27
Enzo Tchato,cm CMR,DF,Montpellier,19,2002,21,11,"1,096",12.2,1,1,2,1,0,0,1,0,0.4,0.4,1.1,1.5,25,34,57,0.08,0.08,0.16,0.08,0.16,0.03,0.09,0.12,0.03,0.12
Tetê,br BRA,"FW,MF",Lyon,22,2000,17,14,"1,107",12.3,6,2,8,6,0,0,3,0,4.2,4.2,1.3,5.5,49,52,130,0.49,0.16,0.65,0.49,0.65,0.35,0.10,0.45,0.35,0.45
Arthur Theate,be BEL,DF,Rennes,22,2000,35,35,"3,127",34.7,4,0,4,4,0,0,5,0,4.5,4.5,0.6,5.1,37,248,4,0.12,0.00,0.12,0.12,0.12,0.13,0.02,0.15,0.13,0.15
Khéphren Thuram,fr FRA,MF,Nice,21,2001,35,30,"2,547",28.3,2,4,6,2,0,0,3,0,3.2,3.2,5.1,8.3,92,128,77,0.07,0.14,0.21,0.07,0.21,0.11,0.18,0.29,0.11,0.29
Alexis Tibidi,fr FRA,"FW,MF",Troyes,18,2003,3,0,74,0.8,0,0,0,0,0,0,0,0,0.0,0.0,0.0,0.0,1,0,4,0.00,0.00,0.00,0.00,0.00,0.00,0.00,0.00,0.00,0.00
Jean-Clair Todibo,fr FRA,DF,Nice,22,1999,34,33,"2,870",31.9,0,0,0,0,0,0,4,2,0.8,0.8,0.2,1.0,21,153,6,0.00,0.00,0.00,0.00,0.00,0.03,0.01,0.03,0.03,0.03
Mohamed Toure,au AUS,"FW,MF",Reims,18,2004,3,0,23,0.3,0,0,0,0,0,0,0,0,0.0,0.0,0.0,0.0,1,1,5,0.00,0.00,0.00,0.00,0.00,0.00,0.15,0.15,0.00,0.15
Souleymane Touré,fr FRA,DF,Marseille,19,2003,5,0,68,0.8,0,0,0,0,0,0,1,0,0.0,0.0,0.0,0.0,1,2,1,0.00,0.00,0.00,0.00,0.00,0.00,0.00,0.00,0.00,0.00
Souleymane Touré,fr FRA,DF,Auxerre,19,2003,19,18,"1,588",17.6,1,0,1,1,0,0,5,1,1.5,1.5,0.4,1.9,11,45,6,0.06,0.00,0.06,0.06,0.06,0.08,0.02,0.11,0.08,0.11
Théo Trinker,fr FRA,MF,Nice,21,2001,1,0,1,0.0,0,0,0,0,0,0,0,0,0.0,0.0,0.0,0.0,0,0,0,0.00,0.00,0.00,0.00,0.00,0.00,0.00,0.00,0.00,0.00
Adrien Truffert,fr FRA,DF,Rennes,20,2001,28,24,"1,954",21.7,0,6,6,0,0,0,1,0,0.6,0.6,1.5,2.2,55,89,166,0.00,0.28,0.28,0.00,0.28,0.03,0.07,0.10,0.03,0.10
Theocharis Tsingaras,gr GRE,MF,Toulouse,21,2000,1,0,7,0.1,0,0,0,0,0,0,0,0,0.0,0.0,0.1,0.1,0,1,0,0.00,0.00,0.00,0.00,0.00,0.00,0.85,0.85,0.00,0.85
Ike Ugbo,ca CAN,"FW,MF",Troyes,23,1998,25,9,895,9.9,2,1,3,2,0,0,0,0,2.2,2.2,0.5,2.7,9,8,34,0.20,0.10,0.30,0.20,0.30,0.22,0.05,0.27,0.22,0.27
Lesley Ugochukwu,fr FRA,MF,Rennes,18,2004,26,14,"1,330",14.8,0,1,1,0,0,0,3,1,0.9,0.9,0.8,1.8,11,50,11,0.00,0.07,0.07,0.00,0.07,0.06,0.06,0.12,0.06,0.12
Yan Valery,tn TUN,DF,Angers,23,1999,30,30,"2,497",27.7,0,0,0,0,0,0,3,0,0.8,0.8,1.9,2.7,72,84,74,0.00,0.00,0.00,0.00,0.00,0.03,0.07,0.10,0.03,0.10
Vanderson,br BRA,"DF,MF",Monaco,21,2001,31,24,"2,214",24.6,1,4,5,1,0,0,4,1,2.4,2.4,3.5,5.9,50,108,175,0.04,0.16,0.20,0.04,0.20,0.10,0.14,0.24,0.10,0.24
Clément Vidal,fr FRA,"DF,MF",Ajaccio,22,2000,26,21,"1,901",21.1,1,0,1,1,0,0,5,1,0.8,0.8,0.2,1.0,3,61,3,0.05,0.00,0.05,0.05,0.05,0.04,0.01,0.05,0.04,0.05
Alan Virginius,fr FRA,FW,Lille,19,2003,15,1,258,2.9,1,0,1,1,0,0,1,0,3.1,3.1,0.0,3.1,12,10,32,0.35,0.00,0.35,0.35,0.35,1.07,0.01,1.09,1.07,1.09
Mattia Viti,it ITA,DF,Nice,20,2002,9,7,634,7.0,1,0,1,1,0,0,0,0,0.1,0.1,0.0,0.1,1,19,1,0.14,0.00,0.14,0.14,0.14,0.01,0.00,0.01,0.01,0.01
Vitinha,pt POR,FW,Marseille,22,2000,14,5,464,5.2,2,0,2,2,0,0,0,0,4.0,4.0,0.2,4.2,3,9,41,0.39,0.00,0.39,0.39,0.39,0.77,0.03,0.80,0.77,0.80
Vitinha,pt POR,MF,Paris S-G,22,2000,36,29,"2,446",27.2,2,3,5,2,0,0,3,0,3.0,3.0,3.0,6.1,50,137,94,0.07,0.11,0.18,0.07,0.18,0.11,0.11,0.22,0.11,0.22
Elye Wahi,fr FRA,FW,Montpellier,19,2003,33,29,"2,513",27.9,19,5,24,18,1,1,8,1,12.2,11.4,3.6,15.0,57,25,190,0.68,0.18,0.86,0.64,0.82,0.44,0.13,0.56,0.41,0.54
Timothy Weah,us USA,"DF,FW",Lille,22,2000,29,18,"1,748",19.4,0,2,2,0,0,0,2,0,2.5,2.5,1.6,4.1,69,79,169,0.00,0.10,0.10,0.00,0.10,0.13,0.08,0.21,0.13,0.21
Christopher Wooh,cm CMR,DF,Rennes,20,2001,13,12,"1,006",11.2,0,0,0,0,0,0,4,0,0.7,0.7,0.2,0.9,6,38,0,0.00,0.00,0.00,0.00,0.00,0.06,0.02,0.08,0.06,0.08
Christopher Wooh,cm CMR,MF,Lens,20,2001,1,0,4,0.0,0,0,0,0,0,0,0,0,0.0,0.0,0.0,0.0,0,0,0,0.00,0.00,0.00,0.00,0.00,0.00,0.00,0.00,0.00,0.00
Darlin Yongwa,cm CMR,DF,Lorient,21,2000,14,8,781,8.7,1,1,2,1,0,0,2,0,0.7,0.7,1.7,2.3,29,24,70,0.12,0.12,0.23,0.12,0.23,0.08,0.19,0.27,0.08,0.27
Leny Yoro,fr FRA,DF,Lille,16,2005,13,8,769,8.5,0,0,0,0,0,0,0,0,0.1,0.1,0.0,0.1,0,15,1,0.00,0.00,0.00,0.00,0.00,0.01,0.00,0.02,0.01,0.02
Warren Zaïre-Emery,fr FRA,"MF,DF",Paris S-G,16,2006,26,8,929,10.3,2,0,2,2,0,0,1,0,1.4,1.4,0.4,1.9,23,32,54,0.19,0.00,0.19,0.19,0.19,0.14,0.04,0.18,0.14,0.18
Oliver Zandén,se SWE,"DF,MF",Toulouse,20,2001,5,1,146,1.6,0,0,0,0,0,0,0,0,0.0,0.0,0.1,0.1,4,6,12,0.00,0.00,0.00,0.00,0.00,0.02,0.06,0.08,0.02,0.08
Nathan Zeze,fr FRA,DF,Nantes,17,2005,1,1,59,0.7,0,0,0,0,0,0,0,0,0.0,0.0,0.0,0.0,0,0,0,0.00,0.00,0.00,0.00,0.00,0.00,0.00,0.00,0.00,0.00
Edon Zhegrova,xk KVX,"FW,MF",Lille,23,1999,22,11,"1,056",11.7,3,4,7,3,0,0,1,0,3.6,3.6,4.6,8.2,74,52,194,0.26,0.34,0.60,0.26,0.60,0.31,0.39,0.70,0.31,0.70
Tanguy Zoukrou,fr FRA,DF,Troyes,19,2003,8,5,511,5.7,0,0,0,0,0,0,0,0,0.0,0.0,0.1,0.1,0,11,3,0.00,0.00,0.00,0.00,0.00,0.00,0.01,0.01,0.00,0.01
