Player,Nation,Position,Squad,Age,Year of birth,Matches Played,Starts,Minutes,90s Played,Goals,Assists,Goals + Assists,Non-Penalty Goals,Penalty Kicks Made,Penalty Kicks Attempted,Yellow Cards,Red Cards,Goals/90,Assists/90,Goals + Assists/90,Non-Penalty Goals/90,Non-Penalty Goals + Assists/90
Abdel Abdallah,km COM,DF,Grenoble,22,1997,27,12,"1,247",13.9,0,1,1,0,0,0,3,0,0.00,0.07,0.07,0.00,0.07
Himad Abdelli,dz ALG,"FW,MF",Le Havre,20,1999,25,17,"1,387",15.4,2,1,3,1,1,1,2,1,0.13,0.06,0.19,0.06,0.13
Salis Abdul Samed,gh GHA,MF,Clermont Foot,20,2000,6,0,123,1.4,0,0,0,0,0,0,1,0,0.00,0.00,0.00,0.00,0.00
Aly Abeid,mr MTN,"DF,MF",Valenciennes,22,1997,25,23,"1,869",20.8,0,1,1,0,0,0,7,1,0.00,0.05,0.05,0.00,0.05
Amine Adli,ma MAR,"FW,MF",Toulouse,20,2000,33,29,"2,507",27.9,8,7,15,8,0,0,5,1,0.29,0.25,0.54,0.29,0.54
Alexis Alegue,fr FRA,"FW,MF",Rodez Aveyron,23,1996,11,5,440,4.9,0,0,0,0,0,0,0,0,0.00,0.00,0.00,0.00,0.00
Nabil Alioui,fr FRA,"MF,FW",Le Havre,21,1999,24,12,"1,236",13.7,3,2,5,3,0,0,3,0,0.22,0.15,0.36,0.22,0.36
Steve Ambri,gw GNB,MF,Sochaux,22,1997,28,18,"1,610",17.9,3,1,4,3,0,0,9,0,0.17,0.06,0.22,0.17,0.22
Kelvin Amian,fr FRA,DF,Toulouse,22,1998,33,33,"2,970",33.0,4,1,5,4,0,0,6,0,0.12,0.03,0.15,0.12,0.15
Janis Antiste,fr FRA,FW,Toulouse,17,2002,30,12,"1,147",12.7,7,1,8,7,0,0,2,1,0.55,0.08,0.63,0.55,0.63
Said Arab,fr FRA,"MF,FW",Paris FC,20,2000,27,4,633,7.0,3,1,4,3,0,0,1,0,0.43,0.14,0.57,0.43,0.57
Taïryk Arconte,fr FRA,MF,Ajaccio,16,2003,4,1,105,1.2,1,0,1,1,0,0,0,0,0.86,0.00,0.86,0.86,0.86
Yoël Armougom,fr FRA,DF,Caen,22,1998,24,20,"1,825",20.3,0,0,0,0,0,0,3,0,0.00,0.00,0.00,0.00,0.00
Youssouf Assogba,bj BEN,"MF,DF",Amiens,18,2001,9,6,572,6.4,0,0,0,0,0,0,3,0,0.00,0.00,0.00,0.00,0.00
Louis Autchanga,ga GAB,MF,Niort,23,1996,15,2,269,3.0,0,0,0,0,0,0,2,0,0.00,0.00,0.00,0.00,0.00
Abdoullah Ba,fr FRA,MF,Le Havre,17,2003,3,2,194,2.2,1,0,1,1,0,0,0,0,0.46,0.00,0.46,0.46,0.46
Pape Ba,sn SEN,FW,Troyes,23,1997,11,1,263,2.9,2,0,2,2,0,0,1,0,0.68,0.00,0.68,0.68,0.68
Melvin Bachelet,fr FRA,DF,Le Havre,17,2003,1,1,45,0.5,0,0,0,0,0,0,0,0,0.00,0.00,0.00,0.00,0.00
Aliou Badara Traore,ml MLI,MF,Caen,19,2001,19,6,672,7.5,0,0,0,0,0,0,2,0,0.00,0.00,0.00,0.00,0.00
Bastian Badu,fr FRA,"FW,MF",Chambly Oise,20,2000,17,6,581,6.5,2,0,2,2,0,0,0,0,0.31,0.00,0.31,0.31,0.31
Axel Bamba,fr FRA,DF,Paris FC,21,1999,33,33,"2,861",31.8,1,0,1,1,0,0,2,2,0.03,0.00,0.03,0.03,0.03
Rafael Bandeira,pt POR,"MF,DF",Amiens,19,2001,2,2,98,1.1,0,0,0,0,0,0,0,0,0.00,0.00,0.00,0.00,0.00
Mamady Bangré,bf BFA,MF,Toulouse,19,2001,2,0,74,0.8,0,0,0,0,0,0,0,0,0.00,0.00,0.00,0.00,0.00
Yanis Barka,dz ALG,"MF,FW",Nancy,22,1998,22,3,545,6.1,2,2,4,2,0,0,1,0,0.33,0.33,0.66,0.33,0.66
Imani Barker,fr FRA,DF,Le Havre,17,2002,1,1,45,0.5,0,0,0,0,0,0,1,0,0.00,0.00,0.00,0.00,0.00
Antoine Baroan,fr FRA,FW,Niort,20,2000,9,0,129,1.4,1,0,1,1,0,0,2,0,0.70,0.00,0.70,0.70,0.70
Amine Bassi,fr FRA,"MF,FW",Nancy,22,1997,19,17,"1,475",16.4,7,3,10,5,2,2,2,0,0.43,0.18,0.61,0.31,0.49
Terence Baya,fr FRA,DF,Troyes,22,1998,6,0,193,2.1,1,0,1,1,0,0,0,0,0.47,0.00,0.47,0.47,0.47
Wilfried Bedfian,cm CMR,GK,Châteauroux,19,2001,4,4,360,4.0,0,0,0,0,0,0,0,0,0.00,0.00,0.00,0.00,0.00
Yanis Begraoui,ma MAR,"FW,MF",Auxerre,19,2001,19,0,171,1.9,2,0,2,2,0,0,0,0,1.05,0.00,1.05,1.05,1.05
Alexis Beka Beka,fr FRA,"MF,DF",Caen,19,2001,25,18,"1,544",17.2,1,0,1,1,0,0,8,0,0.06,0.00,0.06,0.06,0.06
Mohamed Ben Fredj,tn TUN,FW,Auxerre,20,2000,1,0,4,0.0,0,0,0,0,0,0,0,0,0.00,0.00,0.00,0.00,0.00
Quentin Bena,fr FRA,DF,Niort,22,1998,5,1,115,1.3,0,0,0,0,0,0,2,0,0.00,0.00,0.00,0.00,0.00
Yassine Benhattab,fr FRA,MF,Niort,17,2002,1,0,3,0.0,0,0,0,0,0,0,1,0,0.00,0.00,0.00,0.00,0.00
Godwin Bentil,gh GHA,FW,Le Havre,19,2001,7,4,312,3.5,1,0,1,1,0,0,2,0,0.29,0.00,0.29,0.29,0.29
Florian Bianchini,fr FRA,MF,Amiens,19,2001,16,1,361,4.0,0,0,0,0,0,0,2,0,0.00,0.00,0.00,0.00,0.00
Mickaël Biron,mq MTQ,"MF,FW",Nancy,22,1997,31,28,"2,404",26.7,12,2,14,12,0,0,5,0,0.45,0.07,0.52,0.45,0.52
Alexis Blin,fr FRA,MF,Amiens,23,1996,36,34,"2,905",32.3,1,0,1,1,0,0,5,1,0.03,0.00,0.03,0.03,0.03
Mathéo Bodmer,fr FRA,DF,Le Havre,16,2004,1,0,45,0.5,0,0,0,0,0,0,0,0,0.00,0.00,0.00,0.00,0.00
Charles Boli,fr FRA,MF,Paris FC,21,1998,11,8,645,7.2,2,2,4,2,0,0,1,0,0.28,0.28,0.56,0.28,0.56
Warren Bondo,fr FRA,MF,Nancy,16,2003,13,4,418,4.6,1,0,1,1,0,0,1,1,0.22,0.00,0.22,0.22,0.22
Ange-Yoan Bonny,fr FRA,FW,Châteauroux,16,2003,5,1,136,1.5,1,0,1,1,0,0,0,0,0.66,0.00,0.66,0.66,0.66
Kouamé Botué,bf BFA,FW,Ajaccio,17,2002,7,0,74,0.8,0,1,1,0,0,0,0,0,0.00,1.22,1.22,0.00,1.22
Ryan Bouallak,fr FRA,GK,Troyes,20,1999,1,0,11,0.1,0,0,0,0,0,0,0,0,0.00,0.00,0.00,0.00,0.00
Yacine Bourhane,km COM,MF,Niort,21,1998,28,23,"1,974",21.9,1,1,2,1,0,0,5,2,0.05,0.05,0.09,0.05,0.09
Bilal Boutobba,fr FRA,"MF,FW",Niort,21,1998,35,25,"2,316",25.7,3,7,10,3,0,0,1,0,0.12,0.27,0.39,0.12,0.39
Aymen Boutoutaou,fr FRA,"FW,MF",Valenciennes,19,2001,16,7,738,8.2,3,0,3,3,0,0,0,0,0.37,0.00,0.37,0.37,0.37
Umut Bozok,tr TUR,FW,Troyes,23,1996,16,4,554,6.2,1,1,2,0,1,1,2,0,0.16,0.16,0.32,0.00,0.16
Quentin Braat,fr FRA,GK,Niort,23,1997,8,8,720,8.0,0,0,0,0,0,0,0,0,0.00,0.00,0.00,0.00,0.00
Nicolas Bruneel,fr FRA,MF,Dunkerque,23,1997,7,5,474,5.3,1,0,1,1,0,0,1,0,0.19,0.00,0.19,0.19,0.19
Marcin Bułka,pl POL,GK,Châteauroux,20,1999,9,9,810,9.0,0,0,0,0,0,0,0,0,0.00,0.00,0.00,0.00,0.00
Kevin Cabral,fr FRA,"FW,MF",Valenciennes,21,1999,29,28,"2,426",27.0,7,4,11,7,0,0,2,0,0.26,0.15,0.41,0.26,0.41
Warren Caddy,mg MAD,FW,Paris FC,23,1997,24,15,"1,368",15.2,4,0,4,3,1,1,1,0,0.26,0.00,0.26,0.20,0.20
Lorenzo Callegari,fr FRA,MF,Chambly Oise,22,1998,10,4,331,3.7,0,0,0,0,0,0,3,1,0.00,0.00,0.00,0.00,0.00
Ousmane Camara,fr FRA,DF,Paris FC,17,2003,2,0,9,0.1,0,0,0,0,0,0,0,0,0.00,0.00,0.00,0.00,0.00
Ousoumane Camara,fr FRA,MF,Auxerre,21,1998,5,2,143,1.6,0,0,0,0,0,0,1,0,0.00,0.00,0.00,0.00,0.00
Killian Camele,fr FRA,DF,Sochaux,17,2003,1,0,24,0.3,0,0,0,0,0,0,0,0,0.00,0.00,0.00,0.00,0.00
Lucas Camelo,fr FRA,DF,Chambly Oise,21,1999,18,10,"1,070",11.9,1,0,1,1,0,0,6,0,0.08,0.00,0.08,0.08,0.08
Thibault Campanini,fr FRA,DF,Paris FC,22,1998,1,0,20,0.2,0,0,0,0,0,0,0,0,0.00,0.00,0.00,0.00,0.00
Baptiste Canelhas Reiffers,fr FRA,MF,Châteauroux,20,2000,8,3,323,3.6,0,0,0,0,0,0,2,0,0.00,0.00,0.00,0.00,0.00
Louis Carnot,fr FRA,MF,Guingamp,19,2001,4,2,173,1.9,0,0,0,0,0,0,0,0,0.00,0.00,0.00,0.00,0.00
Josué Casimir,fr FRA,"FW,MF",Le Havre,18,2001,5,0,107,1.2,0,0,0,0,0,0,0,0,0.00,0.00,0.00,0.00,0.00
Julien Celestine,fr FRA,DF,Rodez Aveyron,23,1997,17,17,"1,523",16.9,0,0,0,0,0,0,7,1,0.00,0.00,0.00,0.00,0.00
Ozkan Cetiner,fr FRA,MF,Dunkerque,19,2000,2,0,30,0.3,0,0,0,0,0,0,0,0,0.00,0.00,0.00,0.00,0.00
Florian Chabrolle,fr FRA,MF,Ajaccio,22,1998,2,0,33,0.4,0,0,0,0,0,0,0,0,0.00,0.00,0.00,0.00,0.00
Sofyan Chader,fr FRA,MF,Clermont Foot,20,2000,22,4,548,6.1,0,2,2,0,0,0,0,0,0.00,0.33,0.33,0.00,0.33
Dylan Chambost,fr FRA,"FW,MF",Troyes,22,1997,36,32,"2,495",27.7,1,3,4,1,0,0,6,0,0.04,0.11,0.14,0.04,0.14
Corentin Chaminade,fr FRA,MF,Pau FC,21,1999,3,1,49,0.5,0,0,0,0,0,0,0,0,0.00,0.00,0.00,0.00,0.00
Samir Chergui,fr FRA,DF,Paris FC,21,1999,4,1,118,1.3,0,0,0,0,0,0,0,0,0.00,0.00,0.00,0.00,0.00
Ylyas Chouaref,fr FRA,"MF,FW",Châteauroux,19,2000,34,26,"2,293",25.5,1,6,7,1,0,0,1,1,0.04,0.24,0.27,0.04,0.27
Yanis Cimignani,fr FRA,MF,Ajaccio,18,2002,6,3,254,2.8,0,0,0,0,0,0,0,0,0.00,0.00,0.00,0.00,0.00
Amadou Ciss,sn SEN,"MF,FW",Amiens,20,1999,21,10,957,10.6,3,0,3,2,1,1,1,0,0.28,0.00,0.28,0.19,0.19
Ibrahim Cissé,ci CIV,DF,Châteauroux,21,1999,17,15,"1,290",14.3,0,0,0,0,0,0,8,1,0.00,0.00,0.00,0.00,0.00
Lamine Cissé,fr FRA,FW,Nancy,17,2003,1,0,11,0.1,0,0,0,0,0,0,0,0,0.00,0.00,0.00,0.00,0.00
Grégory Coelho,fr FRA,MF,Rodez Aveyron,20,1999,3,3,264,2.9,0,0,0,0,0,0,0,0,0.00,0.00,0.00,0.00,0.00
Hugo Constant,fr FRA,GK,Nancy,20,1999,2,2,180,2.0,0,0,0,0,0,0,0,0,0.00,0.00,0.00,0.00,0.00
Jérémy Corinus,mq MTQ,DF,Ajaccio,23,1997,2,1,87,1.0,0,0,0,0,0,0,0,0,0.00,0.00,0.00,0.00,0.00
Grégoire Coudert,fr FRA,GK,Amiens,21,1999,2,2,180,2.0,0,0,0,0,0,0,0,0,0.00,0.00,0.00,0.00,0.00
Woyo Coulibaly,fr FRA,"DF,MF",Le Havre,21,1999,26,25,"2,104",23.4,0,1,1,0,0,0,3,0,0.00,0.04,0.04,0.00,0.04
Bradley Danger,fr FRA,"MF,DF",Chambly Oise,22,1998,32,27,"2,269",25.2,2,2,4,2,0,0,3,1,0.08,0.08,0.16,0.08,0.16
Baptiste Dedola,fr FRA,DF,Ajaccio,19,2001,2,1,134,1.5,0,0,0,0,0,0,0,0,0.00,0.00,0.00,0.00,0.00
Gabin Delguel,fr FRA,DF,Niort,19,2001,2,1,47,0.5,0,0,0,0,0,0,0,0,0.00,0.00,0.00,0.00,0.00
Shaquil Delos,fr FRA,"MF,DF",Chambly Oise,21,1999,33,17,"1,722",19.1,3,2,5,3,0,0,1,0,0.16,0.10,0.26,0.16,0.26
Mahamadou Dembélé,fr FRA,"DF,MF",Troyes,21,1999,4,0,62,0.7,0,0,0,0,0,0,1,0,0.00,0.00,0.00,0.00,0.00
Mahamadou Dembélé,fr FRA,DF,Pau FC,21,1999,8,5,517,5.7,0,0,0,0,0,0,1,0,0.00,0.00,0.00,0.00,0.00
Malaly Dembélé,fr FRA,FW,Rodez Aveyron,23,1997,32,15,"1,452",16.1,2,1,3,2,0,1,3,0,0.12,0.06,0.19,0.12,0.19
Jessy Deminguet,fr FRA,MF,Caen,22,1998,34,29,"2,507",27.9,4,4,8,4,0,0,9,0,0.14,0.14,0.29,0.14,0.29
Didier Desprez,fr FRA,GK,Paris FC,21,1999,2,2,180,2.0,0,0,0,0,0,0,0,0,0.00,0.00,0.00,0.00,0.00
Bafodé Diakité,fr FRA,DF,Toulouse,19,2001,22,19,"1,715",19.1,2,0,2,2,0,0,3,1,0.10,0.00,0.10,0.10,0.10
Oumar Diakité,fr FRA,"MF,FW",Paris FC,17,2002,17,8,801,8.9,0,1,1,0,0,0,2,1,0.00,0.11,0.11,0.00,0.11
Ismael Diallo,ci CIV,DF,Ajaccio,23,1997,31,31,"2,707",30.1,1,0,1,1,0,0,4,0,0.03,0.00,0.03,0.03,0.03
Moussa Diarra,ml MLI,"DF,MF",Toulouse,19,2000,17,6,560,6.2,0,1,1,0,0,0,0,0,0.00,0.16,0.16,0.00,0.16
Mamadou Diatta,sn SEN,MF,Pau FC,19,2001,5,0,43,0.5,0,0,0,0,0,0,0,0,0.00,0.00,0.00,0.00,0.00
Mathéo Didot,fr FRA,MF,Guingamp,18,2002,1,0,18,0.2,0,0,0,0,0,0,0,0,0.00,0.00,0.00,0.00,0.00
Nathanaël Dieng,fr FRA,"DF,MF",Rodez Aveyron,23,1997,22,14,"1,315",14.6,0,0,0,0,0,0,1,0,0.00,0.00,0.00,0.00,0.00
Noah Diliberto,fr FRA,MF,Valenciennes,18,2001,34,28,"2,481",27.6,0,4,4,0,0,0,3,0,0.00,0.15,0.15,0.00,0.15
Moussa Djitte,sn SEN,FW,Grenoble,20,1999,35,23,"1,964",21.8,8,0,8,8,0,0,6,0,0.37,0.00,0.37,0.37,0.37
Ouparine Djoco,gw GNB,GK,Clermont Foot,22,1998,3,2,226,2.5,0,0,0,0,0,0,0,0,0.00,0.00,0.00,0.00,0.00
Brandon Domingues,fr FRA,FW,Troyes,20,2000,18,1,334,3.7,3,1,4,3,0,0,1,0,0.81,0.27,1.08,0.81,1.08
Boubacari Doucouré,fr FRA,MF,Chambly Oise,21,1999,2,1,82,0.9,0,0,0,0,0,0,0,0,0.00,0.00,0.00,0.00,0.00
Siriné Doucouré,ml MLI,FW,Châteauroux,18,2002,12,2,312,3.5,2,1,3,2,0,0,0,0,0.58,0.29,0.87,0.58,0.87
Brahima Doukansy,fr FRA,MF,Niort,20,1999,28,20,"1,552",17.2,1,1,2,1,0,0,6,1,0.06,0.06,0.12,0.06,0.12
Ismaël Doukouré,fr FRA,DF,Valenciennes,17,2003,19,11,"1,078",12.0,0,0,0,0,0,0,5,0,0.00,0.00,0.00,0.00,0.00
Alan Dzabana,fr FRA,FW,Le Havre,23,1997,1,0,2,0.0,0,0,0,0,0,0,0,0,0.00,0.00,0.00,0.00,0.00
Félix Eboa Eboa,cm CMR,DF,Guingamp,23,1997,2,2,166,1.8,0,0,0,0,0,0,1,0,0.00,0.00,0.00,0.00,0.00
Simon Elisor,fr FRA,FW,Ajaccio,21,1999,10,1,237,2.6,1,0,1,1,0,0,0,0,0.38,0.00,0.38,0.38,0.38
Franck-Landry Elle Essouma,cm CMR,MF,Paris FC,20,2000,1,0,26,0.3,0,0,0,0,0,0,0,0,0.00,0.00,0.00,0.00,0.00
Ertuğrul Ersoy,tr TUR,DF,Le Havre,23,1997,14,14,"1,205",13.4,0,0,0,0,0,0,2,1,0.00,0.00,0.00,0.00,0.00
Ayoub Ez Zaytouni,fr FRA,"FW,MF",Châteauroux,18,2001,4,3,214,2.4,0,0,0,0,0,0,0,0,0.00,0.00,0.00,0.00,0.00
Samy Faraj,fr FRA,MF,Sochaux,18,2001,1,0,2,0.0,0,0,0,0,0,0,0,0,0.00,0.00,0.00,0.00,0.00
Matthias Fischer,fr FRA,DF,Nancy,22,1998,7,3,299,3.3,0,0,0,0,0,0,1,0,0.00,0.00,0.00,0.00,0.00
Mamadou Fofana,fr FRA,MF,Le Havre,19,2000,9,1,211,2.3,1,0,1,1,0,0,1,0,0.43,0.00,0.43,0.43,0.43
Yahia Fofana,ci CIV,GK,Le Havre,19,2000,3,2,234,2.6,0,0,0,0,0,0,0,0,0.00,0.00,0.00,0.00,0.00
Aloys Fouda,cm CMR,DF,Caen,20,2000,4,4,360,4.0,0,0,0,0,0,0,1,0,0.00,0.00,0.00,0.00,0.00
Jordy Gaspar,ao ANG,DF,Grenoble,23,1997,27,24,"2,084",23.2,0,4,4,0,0,0,9,0,0.00,0.17,0.17,0.00,0.17
Aboul Gassama,fr FRA,MF,Châteauroux,17,2003,1,0,4,0.0,0,0,0,0,0,0,0,0,0.00,0.00,0.00,0.00,0.00
Jules Gaudin,fr FRA,DF,Guingamp,20,2000,1,0,1,0.0,0,0,0,0,0,0,0,0,0.00,0.00,0.00,0.00,0.00
Valentin Gendrey,fr FRA,DF,Amiens,20,2000,20,17,"1,509",16.8,0,0,0,0,0,0,1,0,0.00,0.00,0.00,0.00,0.00
Alec Georgen,fr FRA,DF,Auxerre,21,1998,1,1,66,0.7,0,0,0,0,0,0,0,0,0.00,0.00,0.00,0.00,0.00
Nicholas Gioacchini,us USA,"FW,MF",Caen,20,2000,30,21,"1,995",22.2,4,0,4,4,0,0,4,1,0.18,0.00,0.18,0.18,0.18
Ylan Gomes,fr FRA,MF,Le Havre,18,2002,5,1,115,1.3,0,0,0,0,0,0,0,0,0.00,0.00,0.00,0.00,0.00
Charbel Gomez,bj BEN,FW,Amiens,19,2001,5,0,60,0.7,0,1,1,0,0,0,0,0,0.00,1.50,1.50,0.00,1.50
Iron Gomis,fr FRA,MF,Amiens,20,1999,35,31,"2,599",28.9,2,1,3,2,0,0,4,0,0.07,0.03,0.10,0.07,0.10
Alexis Goncalves,cv CPV,"MF,FW",Châteauroux,23,1997,20,5,555,6.2,2,1,3,2,0,0,1,0,0.32,0.16,0.49,0.32,0.49
Mathieu Goncalves,fr FRA,DF,Toulouse,19,2001,1,0,35,0.4,0,0,0,0,0,0,0,0,0.00,0.00,0.00,0.00,0.00
Oumar Gonzalez,cm CMR,DF,Chambly Oise,22,1998,19,18,"1,550",17.2,1,1,2,1,0,0,4,1,0.06,0.06,0.12,0.06,0.12
Alimani Gory,ml MLI,"MF,FW",Troyes,23,1996,26,16,"1,394",15.5,5,2,7,5,0,0,3,0,0.32,0.13,0.45,0.32,0.45
Metehan Güçlü,tr TUR,FW,Valenciennes,21,1999,12,1,276,3.1,0,1,1,0,0,0,2,0,0.00,0.33,0.33,0.00,0.33
Moussa Guel,ci CIV,FW,Valenciennes,21,1999,20,2,600,6.7,1,2,3,1,0,0,0,0,0.15,0.30,0.45,0.15,0.45
Morgan Guilavogui,gn GUI,"FW,MF",Paris FC,22,1998,17,11,889,9.9,0,2,2,0,0,0,3,0,0.00,0.20,0.20,0.00,0.20
Giovanni Haag,fr FRA,"MF,DF",Nancy,20,2000,30,24,"2,145",23.8,4,0,4,4,0,0,3,0,0.17,0.00,0.17,0.17,0.17
Jaouen Hadjam,dz ALG,DF,Paris FC,17,2003,6,1,243,2.7,0,0,0,0,0,0,0,0,0.00,0.00,0.00,0.00,0.00
Yassine Haouari,fr FRA,FW,Valenciennes,17,2003,1,0,37,0.4,1,0,1,1,0,0,0,0,2.43,0.00,2.43,2.43,2.43
Gauthier Hein,fr FRA,"MF,FW",Auxerre,23,1996,33,22,"1,916",21.3,4,3,7,4,0,1,3,1,0.19,0.14,0.33,0.19,0.33
Loup Hervieu,fr FRA,DF,Caen,20,2000,6,1,106,1.2,0,0,0,0,0,0,0,1,0.00,0.00,0.00,0.00,0.00
Andreas Hountondji,bj BEN,FW,Caen,18,2002,6,0,128,1.4,1,0,1,1,0,0,1,0,0.70,0.00,0.70,0.70,0.70
Matthieu Huard,fr FRA,DF,Ajaccio,22,1998,23,15,"1,479",16.4,0,0,0,0,0,0,4,0,0.00,0.00,0.00,0.00,0.00
Mounaim El Idrissy,fr FRA,"FW,MF",Ajaccio,21,1999,25,15,"1,235",13.7,1,1,2,1,0,0,2,0,0.07,0.07,0.15,0.07,0.15
Garissone Innocent,ht HAI,GK,Caen,20,2000,3,3,270,3.0,0,0,0,0,0,0,0,0,0.00,0.00,0.00,0.00,0.00
Zeidane Inoussa,se SWE,FW,Caen,18,2002,3,0,17,0.2,0,0,0,0,0,0,0,0,0.00,0.00,0.00,0.00,0.00
Vakoun Issouf Bayo,ci CIV,FW,Toulouse,23,1997,30,16,"1,495",16.6,10,1,11,10,0,0,3,0,0.60,0.06,0.66,0.60,0.66
Itaitinga,br BRA,MF,Pau FC,21,1998,18,16,"1,222",13.6,3,1,4,3,0,0,0,0,0.22,0.07,0.29,0.22,0.29
Yankuba Jarju,gm GAM,FW,Pau FC,23,1996,9,3,309,3.4,0,0,0,0,0,0,2,0,0.00,0.00,0.00,0.00,0.00
Walid Jarmouni,fr FRA,FW,Sochaux,20,2000,4,0,56,0.6,0,0,0,0,0,0,0,0,0.00,0.00,0.00,0.00,0.00
Gedeon Kalulu,cd COD,DF,Ajaccio,22,1997,34,33,"2,936",32.6,0,0,0,0,0,0,5,1,0.00,0.00,0.00,0.00,0.00
Ilan Kebbal,dz ALG,"MF,FW",Dunkerque,22,1998,35,32,"2,743",30.5,3,5,8,3,0,0,4,0,0.10,0.16,0.26,0.10,0.26
Yassine Kechta,ma MAR,MF,Le Havre,18,2002,1,0,10,0.1,0,0,0,0,0,0,0,0,0.00,0.00,0.00,0.00,0.00
Philippe Keny,sn SEN,"FW,MF",Châteauroux,21,1999,28,13,"1,328",14.8,1,3,4,1,0,0,2,1,0.07,0.20,0.27,0.07,0.27
Alan Kerouedan,fr FRA,"MF,FW",Rodez Aveyron,20,2000,17,10,902,10.0,0,1,1,0,0,0,1,0,0.00,0.10,0.10,0.00,0.10
Driss Khalid,ma MAR,FW,Amiens,21,1999,2,0,29,0.3,0,0,0,0,0,0,1,1,0.00,0.00,0.00,0.00,0.00
Guy-Marcelin Kilama,cm CMR,DF,Niort,21,1999,31,29,"2,461",27.3,0,0,0,0,0,0,6,2,0.00,0.00,0.00,0.00,0.00
Yann Kitala,,FW,Sochaux,22,1998,1,1,54,0.6,1,0,1,1,0,0,0,0,1.67,0.00,1.67,1.67,1.67
Patrick Koffi,fr FRA,FW,Paris FC,18,2001,2,0,62,0.7,0,0,0,0,0,0,0,1,0.00,0.00,0.00,0.00,0.00
Manu Koné,fr FRA,MF,Toulouse,19,2001,36,24,"2,218",24.6,3,1,4,3,0,0,8,0,0.12,0.04,0.16,0.12,0.16
Rominigue Kouamé,ml MLI,MF,Troyes,23,1996,32,31,"2,700",30.0,2,3,5,2,0,0,4,0,0.07,0.10,0.17,0.07,0.17
Goduine Koyalipou,cf CTA,"MF,FW",Niort,20,2000,6,5,397,4.4,0,0,0,0,0,0,0,0,0.00,0.00,0.00,0.00,0.00
Filip Krastev,bg BUL,MF,Troyes,18,2001,2,0,41,0.5,0,0,0,0,0,0,0,0,0.00,0.00,0.00,0.00,0.00
Mathis Lachuer,fr FRA,MF,Amiens,19,2000,12,5,533,5.9,0,0,0,0,0,0,2,0,0.00,0.00,0.00,0.00,0.00
Jack Lahne,se SWE,FW,Amiens,18,2001,4,0,52,0.6,0,0,0,0,0,0,0,0,0.00,0.00,0.00,0.00,0.00
Sonny Laiton,mg MAD,GK,Auxerre,20,2000,4,2,286,3.2,0,0,0,0,0,0,0,0,0.00,0.00,0.00,0.00,0.00
Mohamed Lamine Bayo,gn GUI,FW,Clermont Foot,22,1998,38,34,"3,079",34.2,22,7,29,20,2,4,2,0,0.64,0.20,0.85,0.58,0.79
Mohamed Lamine Diaby,fr FRA,FW,Paris FC,19,2001,6,0,128,1.4,0,0,0,0,0,0,1,0,0.00,0.00,0.00,0.00,0.00
Bryan Lasme,fr FRA,"MF,FW",Sochaux,21,1998,32,21,"1,712",19.0,9,2,11,6,3,3,4,0,0.47,0.11,0.58,0.32,0.42
Killian Le Roy,mq MTQ,GK,Chambly Oise,22,1998,5,4,396,4.4,0,0,0,0,0,0,1,0,0.00,0.00,0.00,0.00,0.00
Tom Lebeau,fr FRA,FW,Niort,22,1998,10,1,220,2.4,0,0,0,0,0,0,1,0,0.00,0.00,0.00,0.00,0.00
Emyl Leclercq,fr FRA,GK,Niort,17,2002,1,1,90,1.0,0,0,0,0,0,0,0,0,0.00,0.00,0.00,0.00,0.00
Alexis Lefebvre,fr FRA,FW,Troyes,17,2003,1,0,1,0.0,0,0,0,0,0,0,0,0,0.00,0.00,0.00,0.00,0.00
Johann Lepenant,fr FRA,MF,Caen,17,2002,19,11,"1,013",11.3,0,0,0,0,0,0,1,0,0.00,0.00,0.00,0.00,0.00
Léo Leroy,fr FRA,MF,Châteauroux,20,2000,33,22,"1,869",20.8,0,0,0,0,0,0,5,0,0.00,0.00,0.00,0.00,0.00
Tony Lesueur,fr FRA,MF,Chambly Oise,19,2000,1,0,19,0.2,0,0,0,0,0,0,0,0,0.00,0.00,0.00,0.00,0.00
Adam Lewis,eng ENG,DF,Amiens,20,1999,9,6,517,5.7,0,0,0,0,0,0,2,0,0.00,0.00,0.00,0.00,0.00
Aaron Leya Iseka,be BEL,FW,Toulouse,22,1997,2,1,77,0.9,0,0,0,0,0,1,0,0,0.00,0.00,0.00,0.00,0.00
Allan Linguet,fr FRA,"DF,MF",Valenciennes,20,1999,14,9,982,10.9,1,1,2,1,0,0,0,0,0.09,0.09,0.18,0.09,0.18
Jérémy Livolant,fr FRA,"MF,FW",Guingamp,22,1998,35,20,"1,710",19.0,2,2,4,2,0,0,3,0,0.11,0.11,0.21,0.11,0.21
Emmanuel Lomotey,gh GHA,"MF,DF",Amiens,22,1997,26,22,"1,958",21.8,2,2,4,2,0,0,6,0,0.09,0.09,0.18,0.09,0.18
Levi Lumeka,eng ENG,"FW,MF",Troyes,21,1998,15,7,672,7.5,2,1,3,2,0,0,1,0,0.27,0.13,0.40,0.27,0.40
Arnaud Lusamba,cd COD,"MF,FW",Amiens,23,1997,29,27,"2,376",26.4,2,7,9,0,2,2,4,2,0.08,0.27,0.34,0.00,0.27
Salem M'bakata,cd COD,DF,Sochaux,22,1998,30,23,"2,130",23.7,0,2,2,0,0,0,3,0,0.00,0.08,0.08,0.00,0.08
Bradley M'Bondo,fr FRA,DF,Niort,18,2001,7,4,365,4.1,1,0,1,1,0,0,2,0,0.25,0.00,0.25,0.25,0.25
Issouf Macalou,ci CIV,FW,Valenciennes,21,1998,12,4,464,5.2,1,1,2,1,0,0,0,0,0.19,0.19,0.39,0.19,0.39
Yohann Magnin,fr FRA,MF,Clermont Foot,23,1997,30,28,"2,384",26.5,2,2,4,2,0,0,7,0,0.08,0.08,0.15,0.08,0.15
Elies Mahmoud,fr FRA,"MF,FW",Le Havre,19,2001,15,3,515,5.7,0,1,1,0,0,0,1,0,0.00,0.17,0.17,0.00,0.17
Stone Mambo,,DF,Troyes,21,1999,7,5,395,4.4,0,0,0,0,0,0,2,0,0.00,0.00,0.00,0.00,0.00
Vincent Marchetti,fr FRA,"MF,FW",Ajaccio,23,1997,24,15,"1,358",15.1,0,1,1,0,0,0,3,0,0.00,0.07,0.07,0.00,0.07
Julien Masson,fr FRA,MF,Valenciennes,22,1998,18,16,"1,282",14.2,0,0,0,0,0,0,5,0,0.00,0.00,0.00,0.00,0.00
Faiz Mattoir,km COM,MF,Ajaccio,20,2000,19,5,533,5.9,0,0,0,0,0,0,2,0,0.00,0.00,0.00,0.00,0.00
Kévin Mbala,fr FRA,FW,Caen,19,2001,4,2,187,2.1,0,0,0,0,0,0,2,0,0.00,0.00,0.00,0.00,0.00
Orphé Mbina,ga GAB,FW,Grenoble,19,2000,1,0,6,0.1,0,0,0,0,0,0,0,0,0.00,0.00,0.00,0.00,0.00
Germain Mbiyavanga,fr FRA,DF,Chambly Oise,18,2002,3,0,19,0.2,0,0,0,0,0,0,0,0,0.00,0.00,0.00,0.00,0.00
Paul Meliande,fr FRA,FW,Pau FC,18,2001,7,1,158,1.8,0,0,0,0,0,0,1,0,0.00,0.00,0.00,0.00,0.00
François Mendy,fr FRA,FW,Châteauroux,20,2000,4,0,65,0.7,0,0,0,0,0,0,0,0,0.00,0.00,0.00,0.00,0.00
Mehdi Merghem,fr FRA,MF,Nancy,23,1997,8,3,313,3.5,0,1,1,0,0,0,1,0,0.00,0.29,0.29,0.00,0.29
Boris Moltenis,mq MTQ,DF,Sochaux,21,1999,7,4,357,4.0,0,0,0,0,0,0,0,0,0.00,0.00,0.00,0.00,0.00
Nathan Monzango,,DF,Amiens,19,2001,19,16,"1,437",16.0,0,0,0,0,0,0,3,0,0.00,0.00,0.00,0.00,0.00
Leandro Morante,fr FRA,DF,Châteauroux,23,1997,10,9,855,9.5,0,0,0,0,0,0,1,0,0.00,0.00,0.00,0.00,0.00
Joris Moutachy,mq MTQ,DF,Niort,22,1997,31,24,"2,346",26.1,0,1,1,0,0,0,5,0,0.00,0.04,0.04,0.00,0.04
Tristan Muyumba,,"DF,MF",Guingamp,23,1997,4,0,72,0.8,1,0,1,1,0,0,1,0,1.25,0.00,1.25,1.25,1.25
Steve Mvoué,cm CMR,MF,Toulouse,18,2002,1,1,67,0.7,0,0,0,0,0,0,0,1,0.00,0.00,0.00,0.00,0.00
Nathan N'Goumou,fr FRA,"MF,FW",Toulouse,20,2000,9,3,281,3.1,2,0,2,2,0,0,0,0,0.64,0.00,0.64,0.64,0.64
Ilyes Najim,fr FRA,MF,Caen,17,2002,2,0,24,0.3,0,0,0,0,0,0,0,0,0.00,0.00,0.00,0.00,0.00
Logan Ndenbe,be BEL,DF,Guingamp,20,2000,15,10,938,10.4,0,0,0,0,0,0,0,0,0.00,0.00,0.00,0.00,0.00
Abdourahmane Ndiaye,sn SEN,MF,Pau FC,23,1996,18,3,423,4.7,0,0,0,0,0,0,1,1,0.00,0.00,0.00,0.00,0.00
Rassoul Ndiaye,sn SEN,MF,Sochaux,18,2001,25,7,781,8.7,0,0,0,0,0,0,2,0,0.00,0.00,0.00,0.00,0.00
Youssoupha Ndiaye,sn SEN,DF,Paris FC,22,1997,16,11,"1,133",12.6,0,0,0,0,0,0,4,0,0.00,0.00,0.00,0.00,0.00
Jason Ngouabi,fr FRA,DF,Caen,17,2003,2,1,91,1.0,0,0,0,0,0,0,0,0,0.00,0.00,0.00,0.00,0.00
Kemehlo Nguena,fr FRA,FW,Troyes,20,2000,2,0,18,0.2,0,0,0,0,0,0,0,0,0.00,0.00,0.00,0.00,0.00
Aurélien Nguiamba,fr FRA,MF,Nancy,21,1999,21,14,"1,360",15.1,0,1,1,0,0,0,1,0,0.00,0.07,0.07,0.00,0.07
Sikou Niakaté,ml MLI,DF,Guingamp,21,1999,31,29,"2,556",28.4,1,1,2,1,0,0,14,0,0.04,0.04,0.07,0.04,0.07
Tony Njiké,fr FRA,MF,Ajaccio,22,1998,18,4,510,5.7,1,0,1,1,0,0,0,0,0.18,0.00,0.18,0.18,0.18
Natanael Ntolla,fr FRA,MF,Sochaux,21,1999,1,0,12,0.1,0,0,0,0,0,0,0,0,0.00,0.00,0.00,0.00,0.00
Stephen Odey,ng NGA,FW,Amiens,22,1998,28,16,"1,505",16.7,6,0,6,6,0,0,4,0,0.36,0.00,0.36,0.36,0.36
Christopher Operi,ci CIV,DF,Châteauroux,23,1997,26,24,"2,210",24.6,1,2,3,1,0,0,7,0,0.04,0.08,0.12,0.04,0.12
Nicholas Opoku,gh GHA,DF,Amiens,22,1997,27,27,"2,383",26.5,0,1,1,0,0,0,7,1,0.00,0.04,0.04,0.00,0.04
Abou Ouattara,bf BFA,"FW,MF",Amiens,20,1999,11,3,387,4.3,0,0,0,0,0,0,0,0,0.00,0.00,0.00,0.00,0.00
Ayoub Ouhafsa,fr FRA,FW,Rodez Aveyron,22,1997,33,11,"1,226",13.6,3,0,3,3,0,1,1,0,0.22,0.00,0.22,0.22,0.22
Mohamed Ouhatti,ma MAR,MF,Amiens,19,2001,2,0,29,0.3,0,0,0,0,0,0,0,0,0.00,0.00,0.00,0.00,0.00
Bryan Passi,cg CGO,DF,Niort,22,1997,28,27,"2,364",26.3,1,2,3,1,0,0,1,0,0.04,0.08,0.11,0.04,0.11
Sullivan Péan,fr FRA,GK,Caen,20,1999,12,12,"1,080",12.0,0,0,0,0,0,0,0,0,0.00,0.00,0.00,0.00,0.00
Andy Pembélé,fr FRA,FW,Paris FC,20,2000,1,0,2,0.0,0,0,0,0,0,0,0,0,0.00,0.00,0.00,0.00,0.00
Nikola Petković,rs SRB,FW,Chambly Oise,23,1996,10,7,616,6.8,3,1,4,3,0,0,0,0,0.44,0.15,0.58,0.44,0.58
Isak Pettersson,se SWE,GK,Toulouse,23,1997,1,1,90,1.0,0,0,0,0,0,0,0,0,0.00,0.00,0.00,0.00,0.00
Alexis Peyrelade,fr FRA,MF,Rodez Aveyron,23,1997,2,1,95,1.1,0,0,0,0,0,0,1,0,0.00,0.00,0.00,0.00,0.00
Matthias Phaeton,gp GLP,"FW,MF",Guingamp,20,2000,27,5,792,8.8,3,0,3,3,0,0,0,0,0.34,0.00,0.34,0.34,0.34
Rayan Philippe,fr FRA,FW,Nancy,19,2000,15,9,746,8.3,0,0,0,0,0,0,0,0,0.00,0.00,0.00,0.00,0.00
Charles Pickel,cd COD,MF,Grenoble,23,1997,35,34,"2,990",33.2,1,2,3,1,0,0,6,0,0.03,0.06,0.09,0.03,0.09
Mathis Picouleau,fr FRA,MF,Valenciennes,20,2000,28,13,"1,381",15.3,1,0,1,1,0,0,3,0,0.07,0.00,0.07,0.07,0.07
Leverton Pierre,ht HAI,"MF,FW",Dunkerque,22,1998,29,13,"1,271",14.1,1,0,1,1,0,0,5,0,0.07,0.00,0.07,0.07,0.07
Adrien Pinot,fr FRA,DF,Chambly Oise,19,2001,3,3,222,2.5,0,0,0,0,0,0,1,0,0.00,0.00,0.00,0.00,0.00
Lenny Pintor,fr FRA,"FW,MF",Troyes,19,2000,12,5,523,5.8,3,0,3,3,0,0,1,0,0.52,0.00,0.52,0.52,0.52
Rui Pires,pt POR,"MF,DF",Troyes,22,1998,19,3,400,4.4,0,0,0,0,0,0,3,0,0.00,0.00,0.00,0.00,0.00
Tommy Plumain,fr FRA,GK,Châteauroux,19,2001,7,7,630,7.0,0,0,0,0,0,0,0,0,0.00,0.00,0.00,0.00,0.00
Morgan Poaty,cg CGO,DF,Guingamp,23,1997,10,8,678,7.5,0,1,1,0,0,0,0,0,0.00,0.13,0.13,0.00,0.13
Julien Ponceau,fr FRA,MF,Rodez Aveyron,19,2000,16,6,623,6.9,0,0,0,0,0,0,0,0,0.00,0.00,0.00,0.00,0.00
Maxence Prevot,fr FRA,GK,Sochaux,23,1997,36,36,"3,240",36.0,0,0,0,0,0,0,0,0,0.00,0.00,0.00,0.00,0.00
Lorenzo Rajot,fr FRA,MF,Clermont Foot,22,1997,19,2,425,4.7,0,0,0,0,0,0,1,0,0.00,0.00,0.00,0.00,0.00
Rayan Raveloson,mg MAD,"MF,DF",Troyes,23,1997,35,34,"2,907",32.3,1,2,3,1,0,0,6,0,0.03,0.06,0.09,0.03,0.09
Samuel Renel,mq MTQ,MF,Niort,18,2001,3,1,136,1.5,0,0,0,0,0,0,0,0,0.00,0.00,0.00,0.00,0.00
Maxence Renoud,fr FRA,FW,Grenoble,20,2000,1,0,9,0.1,0,0,0,0,0,0,0,0,0.00,0.00,0.00,0.00,0.00
Amir Richardson,ma MAR,MF,Le Havre,18,2002,1,1,90,1.0,0,0,0,0,0,0,0,0,0.00,0.00,0.00,0.00,0.00
Kenny Rocha Santos,cv CPV,MF,Nancy,20,2000,35,31,"2,502",27.8,6,9,15,4,2,2,2,1,0.22,0.32,0.54,0.14,0.47
Yohan Roche,bj BEN,DF,Rodez Aveyron,23,1997,13,11,975,10.8,0,1,1,0,0,0,5,0,0.00,0.09,0.09,0.00,0.09
Anthony Rouault,fr FRA,DF,Toulouse,19,2001,15,13,"1,122",12.5,0,0,0,0,0,0,4,2,0.00,0.00,0.00,0.00,0.00
Baptiste Roux,fr FRA,MF,Guingamp,20,1999,19,13,"1,188",13.2,1,0,1,1,0,0,3,0,0.08,0.00,0.08,0.08,0.08
Scotty Sadzoute,fr FRA,"DF,MF",Pau FC,22,1998,35,32,"2,893",32.1,0,3,3,0,0,0,2,0,0.00,0.09,0.09,0.00,0.09
Kelian Nsona Wa Saka,fr FRA,"MF,FW",Caen,18,2002,30,21,"1,808",20.1,2,0,2,2,0,0,1,0,0.10,0.00,0.10,0.10,0.10
Arouna Sangante,sn SEN,DF,Le Havre,18,2002,1,1,80,0.9,0,0,0,0,0,0,0,0,0.00,0.00,0.00,0.00,0.00
Ibrahim Sangaré,ci CIV,MF,Toulouse,22,1997,2,2,180,2.0,0,0,0,0,0,0,1,0,0.00,0.00,0.00,0.00,0.00
Mustapha Sangaré,sn SEN,FW,Amiens,21,1998,3,0,52,0.6,0,0,0,0,0,0,0,0,0.00,0.00,0.00,0.00,0.00
Sam Sanna,fr FRA,"MF,DF",Toulouse,21,1999,20,14,"1,182",13.1,0,2,2,0,0,0,3,0,0.00,0.15,0.15,0.00,0.15
Romain Sans,fr FRA,DF,Sochaux,21,1999,8,6,580,6.4,0,0,0,0,0,0,1,0,0.00,0.00,0.00,0.00,0.00
Paul Schacherer,,,Chambly Oise,18,2002,1,0,12,0.1,0,0,0,0,0,0,2,1,0.00,0.00,0.00,0.00,0.00
Aurélien Scheidler,fr FRA,FW,Nancy,22,1998,16,16,"1,283",14.3,4,2,6,4,0,0,4,0,0.28,0.14,0.42,0.28,0.42
Thomas Secchi,fr FRA,GK,Rodez Aveyron,23,1997,1,1,90,1.0,0,0,0,0,0,0,0,0,0.00,0.00,0.00,0.00,0.00
Alidu Seidu,gh GHA,DF,Clermont Foot,20,2000,22,9,854,9.5,0,0,0,0,0,0,3,1,0.00,0.00,0.00,0.00,0.00
Manuel Semedo,pt POR,FW,Sochaux,20,2000,3,0,20,0.2,0,0,0,0,0,0,0,0,0.00,0.00,0.00,0.00,0.00
Kalidou Sidibé,fr FRA,MF,Toulouse,21,1999,4,0,65,0.7,0,0,0,0,0,0,1,0,0.00,0.00,0.00,0.00,0.00
Kalidou Sidibé,fr FRA,"DF,MF",Châteauroux,21,1999,11,10,932,10.4,0,0,0,0,0,0,3,0,0.00,0.00,0.00,0.00,0.00
Richard Sila,,FW,Paris FC,22,1998,1,0,6,0.1,0,0,0,0,0,0,0,0,0.00,0.00,0.00,0.00,0.00
Lassine Sinayoko,ml MLI,"FW,MF",Auxerre,20,1999,2,0,5,0.1,0,0,0,0,0,0,0,0,0.00,0.00,0.00,0.00,0.00
Bryan Soumaré,fr FRA,MF,Sochaux,21,1999,35,30,"2,464",27.4,3,4,7,2,1,1,3,0,0.11,0.15,0.26,0.07,0.22
Vlatko Stojanovski,mk MKD,FW,Chambly Oise,23,1997,11,5,557,6.2,0,1,1,0,0,0,1,0,0.00,0.16,0.16,0.00,0.16
Bart Straalman,nl NED,DF,Grenoble,23,1996,19,15,"1,416",15.7,1,0,1,1,0,0,2,0,0.06,0.00,0.06,0.06,0.06
Luka Šušnjara,si SVN,"FW,MF",Chambly Oise,23,1997,11,8,632,7.0,0,0,0,0,0,0,2,0,0.00,0.00,0.00,0.00,0.00
Sanasi Sy,fr FRA,DF,Amiens,21,1999,7,5,398,4.4,0,0,0,0,0,0,2,0,0.00,0.00,0.00,0.00,0.00
Jules Sylvestre Brac,fr FRA,DF,Grenoble,21,1998,3,0,14,0.2,0,0,0,0,0,0,0,0,0.00,0.00,0.00,0.00,0.00
Adil Taoui,fr FRA,FW,Toulouse,18,2001,1,0,20,0.2,0,0,0,0,0,0,0,0,0.00,0.00,0.00,0.00,0.00
Hermann Tebily,fr FRA,FW,Sochaux,18,2002,4,1,98,1.1,0,0,0,0,0,0,0,0,0.00,0.00,0.00,0.00,0.00
Jordan Tell,gp GLP,"FW,MF",Clermont Foot,23,1997,33,7,838,9.3,2,0,2,2,0,0,1,1,0.21,0.00,0.21,0.21,0.21
Thierno Thioub,sn SEN,FW,Pau FC,22,1998,2,0,49,0.5,0,0,0,0,0,0,0,0,0.00,0.00,0.00,0.00,0.00
Cheikh Tidiane Sabaly,sn SEN,"MF,FW",Pau FC,21,1999,30,18,"1,544",17.2,3,4,7,3,0,0,5,0,0.17,0.23,0.41,0.17,0.41
Cheick Timite,ci CIV,"FW,MF",Amiens,22,1997,29,11,"1,057",11.7,4,0,4,4,0,0,3,0,0.34,0.00,0.34,0.34,0.34
Kenan Toibibou,km COM,DF,Châteauroux,15,2004,1,0,45,0.5,0,0,0,0,0,0,0,0,0.00,0.00,0.00,0.00,0.00
Darell Tokpa,fr FRA,FW,Amiens,19,2001,9,6,458,5.1,0,0,0,0,0,0,0,0,0.00,0.00,0.00,0.00,0.00
Guévin Tormin,fr FRA,"MF,FW",Châteauroux,22,1997,22,17,"1,363",15.1,3,0,3,3,0,0,0,0,0.20,0.00,0.20,0.20,0.20
Azzeddine Toufiqui,fr FRA,MF,Caen,21,1999,3,0,48,0.5,0,0,0,0,0,0,0,0,0.00,0.00,0.00,0.00,0.00
Souleymane Touré,fr FRA,DF,Le Havre,17,2003,1,0,2,0.0,0,0,0,0,0,0,0,0,0.00,0.00,0.00,0.00,0.00
Mattéo Tramoni,fr FRA,"FW,MF",Ajaccio,20,2000,1,0,24,0.3,0,0,0,0,0,0,0,0,0.00,0.00,0.00,0.00,0.00
Brahim Traoré,fr FRA,"DF,MF",Caen,16,2004,6,4,436,4.8,0,0,0,0,0,0,1,0,0.00,0.00,0.00,0.00,0.00
Gaoussou Traoré,ml MLI,MF,Amiens,20,1999,7,2,313,3.5,0,0,0,0,0,0,2,0,0.00,0.00,0.00,0.00,0.00
Vinni Triboulet,fr FRA,FW,Nancy,21,1999,33,14,"1,528",17.0,4,5,9,4,0,0,1,0,0.24,0.29,0.53,0.24,0.53
Lenny Vallier,fr FRA,"DF,MF",Niort,21,1999,23,15,"1,379",15.3,0,0,0,0,0,0,5,0,0.00,0.00,0.00,0.00,0.00
Hugo Vandermersch,fr FRA,DF,Caen,21,1999,31,25,"2,226",24.7,0,1,1,0,0,0,7,0,0.00,0.04,0.04,0.00,0.04
Thomas Vannoye,fr FRA,DF,Dunkerque,22,1998,8,4,391,4.3,0,0,0,0,0,0,0,0,0.00,0.00,0.00,0.00,0.00
Thibaut Vargas,fr FRA,DF,Châteauroux,20,2000,16,15,"1,333",14.8,0,0,0,0,0,0,1,0,0.00,0.00,0.00,0.00,0.00
Malcolm Viltard,fr FRA,MF,Sochaux,17,2002,1,0,5,0.1,0,0,0,0,0,0,0,0,0.00,0.00,0.00,0.00,0.00
Alan Virginius,fr FRA,"MF,FW",Sochaux,17,2003,15,4,519,5.8,3,2,5,3,0,0,1,0,0.52,0.35,0.87,0.52,0.87
Rémy Vita,km COM,DF,Troyes,19,2001,5,3,279,3.1,0,0,0,0,0,0,0,0,0.00,0.00,0.00,0.00,0.00
Abdelwahed Wahib,ma MAR,DF,Le Havre,20,2000,3,0,118,1.3,0,0,0,0,0,0,1,0,0.00,0.00,0.00,0.00,0.00
Aristide Wam,cm CMR,MF,Le Havre,18,2002,1,0,10,0.1,0,0,0,0,0,0,0,0,0.00,0.00,0.00,0.00,0.00
Gaëtan Weissbeck,fr FRA,MF,Sochaux,23,1997,36,36,"3,113",34.6,10,3,13,9,1,2,7,0,0.29,0.09,0.38,0.26,0.35
Christopher Wooh,cm CMR,DF,Nancy,18,2001,13,7,671,7.5,2,0,2,2,0,0,2,0,0.27,0.00,0.27,0.27,0.27
Darlin Yongwa,cm CMR,DF,Niort,19,2000,27,25,"2,236",24.8,0,2,2,0,0,0,8,2,0.00,0.08,0.08,0.00,0.08
Caleb Zady Sery,ci CIV,"MF,FW",Caen,20,1999,24,13,"1,153",12.8,1,1,2,1,0,0,0,0,0.08,0.08,0.16,0.08,0.16
Younn Zahary,km COM,DF,Pau FC,21,1998,13,7,756,8.4,1,0,1,1,0,0,0,0,0.12,0.00,0.12,0.12,0.12
