Player,Nation,Position,Squad,Age,Year of birth,Matches Played,Starts,Minutes,90s Played,Goals,Assists,Goals + Assists,Non-Penalty Goals,Penalty Kicks Made,Penalty Kicks Attempted,Yellow Cards,Red Cards,xG: Expected Goals,npxG: Non-Penalty xG,xAG: Exp. Assisted Goals,npxG + xAG,Progressive Carries,Progressive Passes,Progressive Passes Rec,Goals/90,Assists/90,Goals + Assists/90,Non-Penalty Goals/90,Non-Penalty Goals + Assists/90,xG/90,xAG/90,xG + xAG/90,npxG/90,npxG + xAG
Bobby Adekanye,nl NED,"MF,DF",Crotone,22,1999,4,0,75,0.8,0,0,0,0,0,0,1,0,0.0,0.0,0.0,0.1,4,4,6,0.00,0.00,0.00,0.00,0.00,0.05,0.04,0.09,0.05,0.09
Claud Adjapong,it ITA,DF,US Reggina,23,1998,20,13,"1,267",14.1,0,1,1,0,0,0,3,0,0.7,0.7,0.5,1.1,23,37,41,0.00,0.07,0.07,0.00,0.07,0.05,0.03,0.08,0.05,0.08
Tommaso Aglietti,it ITA,GK,US Reggina,21,2000,1,1,90,1.0,0,0,0,0,0,0,0,0,0.0,0.0,0.0,0.0,0,0,0,0.00,0.00,0.00,0.00,0.00,0.00,0.00,0.00,0.00,0.00
Filippo Alessio,it ITA,"FW,MF",Vicenza Virtus,16,2004,3,0,31,0.3,0,0,0,0,0,0,0,0,0.0,0.0,0.0,0.0,0,0,2,0.00,0.00,0.00,0.00,0.00,0.00,0.00,0.00,0.00,0.00
Bruno Amione,ar ARG,DF,US Reggina,19,2002,16,13,"1,211",13.5,0,0,0,0,0,0,5,0,0.4,0.4,0.0,0.4,3,14,3,0.00,0.00,0.00,0.00,0.00,0.03,0.00,0.03,0.03,0.03
Lorenzo Andreoli,it ITA,MF,Brescia,20,2001,3,1,123,1.4,0,0,0,0,0,0,0,0,0.0,0.0,0.0,0.1,0,9,0,0.00,0.00,0.00,0.00,0.00,0.01,0.03,0.04,0.01,0.04
Mirko Antonucci,it ITA,"MF,FW",Cittadella,22,1999,36,30,"2,275",25.3,3,7,10,3,0,1,6,0,4.5,3.7,3.5,7.2,61,64,185,0.12,0.28,0.40,0.12,0.40,0.18,0.14,0.32,0.15,0.28
Valentin Antov,bg BUL,DF,Monza,20,2000,6,3,297,3.3,0,1,1,0,0,0,1,0,0.1,0.1,0.0,0.2,4,5,0,0.00,0.30,0.30,0.00,0.30,0.03,0.01,0.05,0.03,0.05
Alessandro Arioli,it ITA,MF,Cosenza,18,2003,1,0,6,0.1,0,0,0,0,0,0,0,0,0.0,0.0,0.0,0.0,0,0,0,0.00,0.00,0.00,0.00,0.00,0.00,0.00,0.00,0.00,0.00
Raúl Asencio,es ESP,"FW,MF",Lecce,23,1998,5,0,54,0.6,0,0,0,0,0,0,1,0,0.0,0.0,0.1,0.1,0,2,5,0.00,0.00,0.00,0.00,0.00,0.00,0.24,0.24,0.00,0.24
Carlos Augusto,br BRA,DF,Monza,22,1999,32,31,"2,722",30.2,2,1,3,2,0,0,7,1,2.1,2.1,2.0,4.1,74,135,93,0.07,0.03,0.10,0.07,0.10,0.07,0.07,0.14,0.07,0.14
Theophilus Awua,ng NGA,MF,Crotone,23,1998,18,18,"1,519",16.9,0,0,0,0,0,0,6,0,0.7,0.7,1.0,1.8,31,98,16,0.00,0.00,0.00,0.00,0.00,0.04,0.06,0.10,0.04,0.10
Abou-Malal Ba,fr FRA,MF,Alessandria,23,1998,26,21,"1,719",19.1,1,1,2,1,0,0,8,1,0.6,0.6,1.8,2.4,12,68,16,0.05,0.05,0.10,0.05,0.10,0.03,0.10,0.13,0.03,0.13
Aliou Badara Traore,ml MLI,MF,Parma,20,2001,2,0,40,0.4,0,0,0,0,0,0,0,0,0.0,0.0,0.0,0.0,0,0,0,0.00,0.00,0.00,0.00,0.00,0.00,0.00,0.00,0.00,0.00
Botond Balogh,hu HUN,DF,Parma,19,2002,4,4,260,2.9,0,0,0,0,0,0,3,0,0.0,0.0,0.0,0.0,1,7,0,0.00,0.00,0.00,0.00,0.00,0.00,0.01,0.01,0.00,0.01
Adrian Benedyczak,pl POL,FW,Parma,20,2000,31,19,"1,600",17.8,6,1,7,6,0,0,3,0,5.4,5.4,1.1,6.5,31,24,94,0.34,0.06,0.39,0.34,0.39,0.30,0.06,0.36,0.30,0.36
Adrian Bernabe,es ESP,MF,Parma,20,2001,16,15,"1,112",12.4,5,1,6,5,0,0,9,0,1.9,1.9,1.6,3.5,19,70,32,0.40,0.08,0.49,0.40,0.49,0.15,0.13,0.28,0.15,0.28
Massimo Bertagnoli,it ITA,MF,Brescia,22,1999,37,26,"2,277",25.3,3,1,4,3,0,0,2,0,3.9,3.9,2.1,6.0,54,99,107,0.12,0.04,0.16,0.12,0.16,0.15,0.08,0.24,0.15,0.24
Pietro Beruatto,it ITA,DF,Pisa,22,1998,35,32,"2,831",31.5,1,3,4,1,0,0,9,0,1.1,1.1,4.8,5.8,64,128,124,0.03,0.10,0.13,0.03,0.13,0.03,0.15,0.19,0.03,0.19
Davide Bettella,it ITA,DF,Monza,21,2000,7,2,224,2.5,0,1,1,0,0,0,2,0,0.0,0.0,0.1,0.1,6,21,0,0.00,0.40,0.40,0.00,0.40,0.02,0.03,0.05,0.02,0.05
Kevin Biondi,it ITA,"DF,FW",Pordenone,22,1999,2,0,41,0.5,0,0,0,0,0,0,1,0,0.1,0.1,0.0,0.1,0,0,1,0.00,0.00,0.00,0.00,0.00,0.23,0.00,0.23,0.23,0.23
Samuele Birindelli,it ITA,DF,Pisa,22,1999,36,28,"2,649",29.4,1,1,2,1,0,0,8,0,1.9,1.9,1.5,3.4,68,120,114,0.03,0.03,0.07,0.03,0.07,0.06,0.05,0.12,0.06,0.12
John Björkengren,se SWE,MF,Lecce,22,1998,22,8,921,10.2,1,0,1,1,0,0,1,0,0.7,0.7,0.8,1.4,18,38,32,0.10,0.00,0.10,0.10,0.10,0.06,0.08,0.14,0.06,0.14
Alejandro Blanco,es ESP,"MF,FW",Como,22,1998,16,7,601,6.7,1,0,1,1,0,0,1,0,0.7,0.7,0.1,0.8,32,10,42,0.15,0.00,0.15,0.15,0.15,0.11,0.02,0.13,0.11,0.13
Charles Boli,fr FRA,"FW,MF",Vicenza Virtus,22,1998,11,3,398,4.4,0,0,0,0,0,0,1,0,0.0,0.0,0.4,0.4,5,11,24,0.00,0.00,0.00,0.00,0.00,0.01,0.08,0.09,0.01,0.09
Daniel Boloca,ro ROU,MF,Frosinone,22,1998,36,30,"2,644",29.4,1,1,2,1,0,0,8,0,3.1,3.1,3.2,6.3,73,174,60,0.03,0.03,0.07,0.03,0.07,0.11,0.11,0.22,0.10,0.21
Ange-Yoan Bonny,fr FRA,FW,Parma,17,2003,13,1,260,2.9,0,0,0,0,0,0,0,0,1.1,1.1,0.1,1.3,7,8,22,0.00,0.00,0.00,0.00,0.00,0.39,0.05,0.44,0.39,0.44
Giuseppe Borello,it ITA,"MF,FW",Crotone,22,1999,19,9,735,8.2,1,1,2,1,0,0,3,0,1.2,1.2,1.5,2.7,23,40,70,0.12,0.12,0.24,0.12,0.24,0.15,0.18,0.33,0.15,0.33
Reda Boultam,nl NED,MF,Cosenza,23,1998,22,15,"1,158",12.9,0,0,0,0,0,0,3,0,0.4,0.4,0.9,1.2,28,40,52,0.00,0.00,0.00,0.00,0.00,0.03,0.07,0.10,0.03,0.10
Edoardo Bovolon,it ITA,"DF,MF",Como,23,1998,8,3,317,3.5,0,0,0,0,0,0,0,0,0.1,0.1,0.1,0.2,0,7,2,0.00,0.00,0.00,0.00,0.00,0.02,0.04,0.06,0.02,0.06
Marko Božič,si SVN,"DF,MF",Frosinone,23,1998,1,0,17,0.2,0,0,0,0,0,0,0,0,0.0,0.0,0.0,0.0,0,2,0,0.00,0.00,0.00,0.00,0.00,0.00,0.00,0.00,0.00,0.00
Marco Brescianini,it ITA,MF,Monza,21,2000,5,2,253,2.8,0,0,0,0,0,0,1,0,0.2,0.2,0.0,0.2,6,13,9,0.00,0.00,0.00,0.00,0.00,0.06,0.01,0.07,0.06,0.07
Enrico Brignola,it ITA,"FW,MF",Benevento,22,1999,23,4,594,6.6,0,0,0,0,0,0,0,0,1.5,1.5,0.6,2.0,19,15,51,0.00,0.00,0.00,0.00,0.00,0.22,0.08,0.30,0.22,0.30
Maxime Busi,be BEL,"DF,FW",Parma,21,1999,6,2,244,2.7,0,0,0,0,0,0,1,0,0.0,0.0,0.1,0.1,4,13,11,0.00,0.00,0.00,0.00,0.00,0.00,0.04,0.04,0.00,0.04
Karlo Butić,hr CRO,FW,Pordenone,22,1998,24,21,"1,685",18.7,5,1,6,3,2,2,2,0,6.8,5.2,0.8,6.0,23,27,115,0.27,0.05,0.32,0.16,0.21,0.36,0.04,0.41,0.28,0.32
Andrea Cagnano,it ITA,DF,Como,23,1998,26,18,"1,719",19.1,0,0,0,0,0,0,2,0,0.2,0.2,0.9,1.1,19,63,24,0.00,0.00,0.00,0.00,0.00,0.01,0.04,0.06,0.01,0.06
Fabrizio Caligara,it ITA,MF,Ascoli,21,2000,32,19,"1,812",20.1,3,2,5,1,2,2,7,0,2.6,1.0,0.9,1.9,23,78,43,0.15,0.10,0.25,0.05,0.15,0.13,0.04,0.17,0.05,0.09
Drissa Camara,ci CIV,MF,Parma,19,2002,4,1,111,1.2,0,0,0,0,0,0,2,0,0.0,0.0,0.0,0.0,2,3,1,0.00,0.00,0.00,0.00,0.00,0.00,0.03,0.03,0.00,0.03
Nicolò Cambiaghi,it ITA,"FW,MF",Pordenone,20,2000,36,29,"2,752",30.6,7,4,11,7,0,0,3,0,7.0,7.0,3.4,10.4,153,101,209,0.23,0.13,0.36,0.23,0.36,0.23,0.11,0.34,0.23,0.34
Leonardo Candellone,it ITA,FW,Pordenone,23,1997,12,6,517,5.7,1,0,1,1,0,0,3,0,1.2,1.2,0.1,1.3,4,2,31,0.17,0.00,0.17,0.17,0.17,0.21,0.01,0.22,0.21,0.22
Simone Canestrelli,it ITA,DF,Crotone,20,2000,26,24,"2,143",23.8,2,1,3,2,0,0,9,1,1.7,1.7,0.2,1.8,12,70,4,0.08,0.04,0.13,0.08,0.13,0.07,0.01,0.08,0.07,0.08
Gianmarco Cangiano,it ITA,"MF,FW",Crotone,19,2001,7,3,249,2.8,0,1,1,0,0,0,0,0,0.2,0.2,0.4,0.6,8,7,20,0.00,0.36,0.36,0.00,0.36,0.08,0.15,0.23,0.08,0.23
Gabriele Capanni,it ITA,MF,Ternana,20,2000,1,0,10,0.1,0,0,0,0,0,0,0,0,0.0,0.0,0.0,0.0,2,0,2,0.00,0.00,0.00,0.00,0.00,0.00,0.00,0.00,0.00,0.00
Christian Capone,it ITA,"FW,MF",Ternana,22,1999,17,4,566,6.3,1,2,3,1,0,0,1,0,0.7,0.7,1.1,1.8,21,16,45,0.16,0.32,0.48,0.16,0.48,0.12,0.17,0.28,0.12,0.28
Marco Carnesecchi,it ITA,GK,Cremonese,21,2000,36,36,"3,173",35.3,0,2,2,0,0,0,0,0,0.0,0.0,0.8,0.8,0,0,0,0.00,0.06,0.06,0.00,0.06,0.00,0.02,0.02,0.00,0.02
Marco Carraro,it ITA,MF,Cosenza,23,1998,35,30,"2,634",29.3,2,2,4,2,0,0,8,0,1.6,1.6,1.4,3.0,24,111,46,0.07,0.07,0.14,0.07,0.14,0.06,0.05,0.10,0.06,0.10
Giuseppe Caso,it ITA,"FW,MF",Cosenza,22,1998,37,30,"2,536",28.2,5,4,9,5,0,0,7,0,4.9,4.9,3.1,8.0,102,57,159,0.18,0.14,0.32,0.18,0.32,0.17,0.11,0.28,0.17,0.28
Tommaso Cassandro,it ITA,DF,Cittadella,21,2000,24,21,"1,819",20.2,1,0,1,1,0,0,9,0,0.3,0.3,1.2,1.5,38,95,61,0.05,0.00,0.05,0.05,0.05,0.02,0.06,0.07,0.02,0.07
Manuele Castorani,it ITA,MF,Ascoli,21,1999,4,0,39,0.4,0,0,0,0,0,0,0,0,0.0,0.0,0.0,0.0,0,0,1,0.00,0.00,0.00,0.00,0.00,0.00,0.00,0.00,0.00,0.00
Christian Celesia,it ITA,DF,Alessandria,19,2002,3,1,84,0.9,0,0,0,0,0,0,2,0,0.0,0.0,0.0,0.0,0,4,0,0.00,0.00,0.00,0.00,0.00,0.00,0.00,0.00,0.00,0.00
Raffaele Celia,it ITA,DF,SPAL,22,1999,27,22,"1,985",22.1,0,0,0,0,0,0,9,0,0.3,0.3,0.9,1.2,45,65,78,0.00,0.00,0.00,0.00,0.00,0.01,0.04,0.05,0.01,0.05
Michele Cerofolini,it ITA,GK,Alessandria,22,1999,1,1,90,1.0,0,0,0,0,0,0,0,0,0.0,0.0,0.0,0.0,0,0,0,0.00,0.00,0.00,0.00,0.00,0.00,0.00,0.00,0.00,0.00
Moutir Chajia,be BEL,MF,Como,23,1998,14,11,845,9.4,0,3,3,0,0,0,1,0,2.0,2.0,1.8,3.8,48,37,58,0.00,0.32,0.32,0.00,0.32,0.21,0.19,0.40,0.21,0.40
Gabriel Charpentier,cg CGO,FW,Frosinone,22,1999,22,12,986,11.0,10,2,12,9,1,1,5,0,6.7,5.9,1.5,7.3,15,21,59,0.91,0.18,1.10,0.82,1.00,0.61,0.13,0.74,0.54,0.67
Youssouph Cheikh Sylla,sn SEN,"FW,MF",Pordenone,23,1998,14,1,256,2.8,0,0,0,0,0,0,1,0,0.9,0.9,0.3,1.3,8,4,29,0.00,0.00,0.00,0.00,0.00,0.33,0.12,0.45,0.33,0.45
Adam Chrzanowski,pl POL,DF,Pordenone,22,1999,4,2,218,2.4,0,0,0,0,0,0,0,1,0.1,0.1,0.2,0.2,2,13,4,0.00,0.00,0.00,0.00,0.00,0.02,0.08,0.10,0.02,0.10
Alessandro Circati,au AUS,DF,Parma,17,2003,6,4,465,5.2,0,2,2,0,0,0,1,0,0.3,0.3,0.6,0.9,1,2,0,0.00,0.39,0.39,0.00,0.39,0.06,0.11,0.17,0.06,0.17
Vincenzo Ciriello,it ITA,DF,Cittadella,18,2002,4,2,157,1.7,0,0,0,0,0,0,0,0,0.0,0.0,0.0,0.0,0,4,0,0.00,0.00,0.00,0.00,0.00,0.00,0.00,0.00,0.00,0.00
Andrea Cisco,it ITA,"MF,FW",Pisa,22,1998,2,0,27,0.3,0,0,0,0,0,0,0,0,0.0,0.0,0.0,0.0,1,0,3,0.00,0.00,0.00,0.00,0.00,0.00,0.00,0.00,0.00,0.00
Elias Cobbaut,be BEL,DF,Parma,23,1997,35,35,"3,149",35.0,2,3,5,2,0,0,5,0,1.3,1.3,1.5,2.8,40,110,24,0.06,0.09,0.14,0.06,0.14,0.04,0.04,0.08,0.04,0.08
Luca Coccolo,it ITA,DF,SPAL,23,1998,4,3,285,3.2,0,0,0,0,0,0,1,0,0.0,0.0,0.0,0.0,0,8,2,0.00,0.00,0.00,0.00,0.00,0.01,0.00,0.01,0.01,0.01
Luca Coccolo,it ITA,DF,Alessandria,23,1998,7,2,266,3.0,0,1,1,0,0,0,2,0,0.2,0.2,0.2,0.4,2,5,3,0.00,0.34,0.34,0.00,0.34,0.05,0.07,0.12,0.05,0.12
Michele Collocolo,it ITA,MF,Ascoli,21,1999,33,22,"1,991",22.1,3,3,6,3,0,0,7,0,2.6,2.6,1.6,4.2,49,74,56,0.14,0.14,0.27,0.14,0.27,0.12,0.07,0.19,0.12,0.19
Lorenzo Colombo,it ITA,FW,SPAL,19,2002,34,26,"2,075",23.1,6,0,6,6,0,0,9,1,6.0,6.0,1.8,7.8,29,32,170,0.26,0.00,0.26,0.26,0.26,0.26,0.08,0.34,0.26,0.34
Andrea Colpani,it ITA,"MF,FW",Monza,22,1999,33,21,"1,677",18.6,5,1,6,5,0,0,4,0,4.1,4.1,3.7,7.8,62,76,150,0.27,0.05,0.32,0.27,0.32,0.22,0.20,0.42,0.22,0.42
Félix Correia,pt POR,"DF,FW",Parma,20,2001,21,3,574,6.4,0,0,0,0,0,0,1,0,0.5,0.5,1.2,1.7,40,51,62,0.00,0.00,0.00,0.00,0.00,0.08,0.19,0.27,0.08,0.27
Alessandro Cortinovis,it ITA,"MF,FW",US Reggina,20,2001,30,15,"1,463",16.3,1,2,3,1,0,0,2,0,2.4,2.4,1.0,3.5,34,65,60,0.06,0.12,0.18,0.06,0.18,0.15,0.06,0.21,0.15,0.21
Woyo Coulibaly,fr FRA,DF,Parma,22,1999,22,14,"1,269",14.1,0,0,0,0,0,0,6,0,0.1,0.1,0.6,0.7,36,39,62,0.00,0.00,0.00,0.00,0.00,0.01,0.04,0.05,0.01,0.05
Giovanni Crociata,it ITA,"MF,FW",SPAL,23,1997,24,9,919,10.2,0,1,1,0,0,0,4,0,0.8,0.8,1.1,1.9,38,65,65,0.00,0.10,0.10,0.00,0.10,0.08,0.10,0.18,0.08,0.18
Giuseppe Cuomo,it ITA,DF,Crotone,23,1998,19,18,"1,633",18.1,1,0,1,1,0,0,2,1,0.4,0.4,0.0,0.4,18,52,13,0.06,0.00,0.06,0.06,0.06,0.02,0.00,0.02,0.02,0.02
Luigi Cuppone,it ITA,"FW,MF",Cittadella,23,1997,5,0,125,1.4,0,0,0,0,0,0,1,0,0.7,0.7,0.0,0.7,5,0,12,0.00,0.00,0.00,0.00,0.00,0.49,0.03,0.52,0.49,0.52
Ludovico D'Orazio,it ITA,"FW,MF",SPAL,21,2000,14,4,370,4.1,0,1,1,0,0,0,0,0,1.3,1.3,0.7,2.0,13,15,29,0.00,0.24,0.24,0.00,0.24,0.31,0.18,0.49,0.31,0.49
Jacopo Da Riva,it ITA,MF,SPAL,20,2000,25,14,"1,340",14.9,2,2,4,2,0,0,5,0,1.6,1.5,1.8,3.4,20,46,56,0.13,0.13,0.27,0.13,0.27,0.11,0.12,0.23,0.10,0.23
Christian Dalle Mura,it ITA,DF,Pordenone,19,2002,17,16,"1,326",14.7,0,0,0,0,0,0,2,0,0.1,0.1,0.3,0.5,4,28,0,0.00,0.00,0.00,0.00,0.00,0.01,0.02,0.03,0.01,0.03
Nicola Dalmonte,it ITA,"FW,MF",Vicenza Virtus,23,1997,34,23,"2,083",23.1,2,2,4,2,0,0,3,0,3.9,3.9,3.9,7.8,64,77,178,0.09,0.09,0.17,0.09,0.17,0.17,0.17,0.34,0.17,0.34
Andrea Danzi,it ITA,MF,Cittadella,22,1999,20,13,"1,027",11.4,0,0,0,0,0,0,4,0,0.2,0.2,0.9,1.1,19,76,17,0.00,0.00,0.00,0.00,0.00,0.01,0.08,0.09,0.01,0.09
Manuel De Luca,it ITA,FW,Perugia,23,1998,33,29,"2,454",27.3,10,3,13,6,4,5,5,0,15.6,11.7,2.7,14.4,34,32,164,0.37,0.11,0.48,0.22,0.33,0.57,0.10,0.67,0.43,0.53
Andrea De Paoli,it ITA,"FW,MF",Ascoli,21,1999,15,0,166,1.8,0,0,0,0,0,0,2,0,0.4,0.4,0.2,0.6,7,4,23,0.00,0.00,0.00,0.00,0.00,0.21,0.11,0.33,0.21,0.33
Enrico Del Prato,it ITA,DF,Parma,21,1999,34,33,"2,855",31.7,1,2,3,1,0,0,7,0,1.6,1.6,1.0,2.5,23,110,68,0.03,0.06,0.09,0.03,0.09,0.05,0.03,0.08,0.05,0.08
Elia Di Giuliomaria,it ITA,MF,Como,16,2004,1,0,8,0.1,0,0,0,0,0,0,0,0,0.0,0.0,0.0,0.0,0,0,1,0.00,0.00,0.00,0.00,0.00,0.00,0.00,0.00,0.00,0.00
Alessandro Di Pardo,it ITA,"DF,FW",Vicenza Virtus,22,1999,15,13,"1,115",12.4,1,0,1,1,0,0,4,1,0.6,0.6,0.9,1.5,35,44,66,0.08,0.00,0.08,0.08,0.08,0.04,0.08,0.12,0.04,0.12
Alessandro Di Pardo,it ITA,"DF,FW",Cosenza,22,1999,13,7,759,8.4,0,0,0,0,0,0,3,0,0.3,0.3,0.8,1.1,25,24,43,0.00,0.00,0.00,0.00,0.00,0.03,0.10,0.13,0.03,0.13
Giuseppe Di Serio,it ITA,"FW,MF",Pordenone,20,2001,13,6,584,6.5,2,0,2,2,0,0,5,0,1.6,1.6,0.3,1.8,13,8,32,0.31,0.00,0.31,0.31,0.31,0.24,0.04,0.28,0.24,0.28
Giuseppe Di Serio,it ITA,"MF,FW",Benevento,20,2001,8,0,125,1.4,2,0,2,2,0,0,0,0,0.5,0.5,0.2,0.7,2,2,8,1.44,0.00,1.44,1.44,1.44,0.38,0.12,0.49,0.38,0.49
Salim Diakité,ml MLI,DF,Ternana,21,2000,19,11,"1,061",11.8,0,0,0,0,0,0,5,1,0.1,0.1,0.4,0.5,29,49,40,0.00,0.00,0.00,0.00,0.00,0.01,0.03,0.04,0.01,0.04
Malik Djibril,it ITA,MF,Vicenza Virtus,17,2003,1,0,3,0.0,0,0,0,0,0,0,0,0,0.0,0.0,0.0,0.0,0,0,0,0.00,0.00,0.00,0.00,0.00,0.00,0.00,0.00,0.00,0.00
Steeve-Mike Ebongue,fr FRA,MF,Cosenza,20,2001,4,0,108,1.2,0,0,0,0,0,0,0,0,0.2,0.2,0.0,0.2,2,7,4,0.00,0.00,0.00,0.00,0.00,0.15,0.00,0.15,0.15,0.15
Yassine Ejjaki,ma MAR,MF,US Reggina,22,1999,4,3,282,3.1,0,0,0,0,0,0,2,0,0.1,0.1,0.2,0.2,2,13,4,0.00,0.00,0.00,0.00,0.00,0.02,0.05,0.07,0.02,0.07
Salvatore Elia,it ITA,"DF,FW",Benevento,22,1999,25,16,"1,457",16.2,1,1,2,1,0,0,4,0,1.9,1.9,1.5,3.4,55,88,110,0.06,0.06,0.12,0.06,0.12,0.12,0.10,0.21,0.12,0.21
Mikael Ellertsson,is ISL,FW,SPAL,19,2002,6,1,141,1.6,0,0,0,0,0,0,1,0,0.3,0.3,0.1,0.4,8,3,13,0.00,0.00,0.00,0.00,0.00,0.18,0.06,0.24,0.18,0.24
Salvatore Esposito,it ITA,MF,SPAL,20,2000,35,26,"2,356",26.2,3,3,6,2,1,1,6,0,2.0,1.2,3.6,4.8,19,176,42,0.11,0.11,0.23,0.08,0.19,0.08,0.14,0.21,0.05,0.18
Nicolò Fagioli,it ITA,MF,Cremonese,20,2001,33,26,"2,182",24.2,3,7,10,3,0,1,6,0,3.2,2.4,3.4,5.8,45,123,53,0.12,0.29,0.41,0.12,0.41,0.13,0.14,0.27,0.10,0.24
Gaetano Fasolino,it ITA,GK,Pordenone,21,2000,1,1,90,1.0,0,0,0,0,0,0,0,0,0.0,0.0,0.0,0.0,0,0,0,0.00,0.00,0.00,0.00,0.00,0.00,0.00,0.00,0.00,0.00
Gabriele Ferrarini,it ITA,DF,Perugia,21,2000,31,15,"1,288",14.3,1,1,2,1,0,0,4,1,0.7,0.7,1.8,2.5,37,43,79,0.07,0.07,0.14,0.07,0.14,0.05,0.12,0.17,0.05,0.17
Andrea Filipi,it ITA,MF,Alessandria,18,2003,1,0,10,0.1,0,0,0,0,0,0,0,0,0.0,0.0,0.0,0.0,0,0,2,0.00,0.00,0.00,0.00,0.00,0.00,0.00,0.00,0.00,0.00
Gian Filippo Felicioli,it ITA,DF,Ascoli,23,1997,7,3,268,3.0,1,0,1,1,0,0,1,0,0.1,0.1,0.2,0.3,7,10,13,0.34,0.00,0.34,0.34,0.34,0.04,0.05,0.09,0.04,0.09
Alessandro Fiordaliso,it ITA,DF,Cremonese,22,1999,3,2,138,1.5,0,0,0,0,0,0,0,0,0.0,0.0,0.0,0.0,0,0,0,0.00,0.00,0.00,0.00,0.00,0.00,0.00,0.00,0.00,0.00
Aldo Florenzi,it ITA,MF,Cosenza,19,2002,27,12,"1,291",14.3,0,2,2,0,0,0,4,0,0.8,0.8,1.6,2.4,27,43,64,0.00,0.14,0.14,0.00,0.14,0.06,0.11,0.17,0.06,0.17
Michael Folorunsho,it ITA,"FW,MF",Pordenone,23,1998,16,14,"1,254",13.9,2,2,4,2,0,0,4,0,2.7,2.7,1.6,4.3,29,34,85,0.14,0.14,0.29,0.14,0.29,0.19,0.11,0.31,0.19,0.31
Michael Folorunsho,it ITA,"MF,FW",US Reggina,23,1998,15,15,"1,297",14.4,2,0,2,1,1,1,6,0,2.9,2.1,0.7,2.8,32,30,58,0.14,0.00,0.14,0.07,0.07,0.20,0.05,0.25,0.14,0.20
Anthony Fontana,us USA,MF,Ascoli,21,1999,1,0,8,0.1,0,0,0,0,0,0,0,0,0.0,0.0,0.0,0.0,0,1,1,0.00,0.00,0.00,0.00,0.00,0.00,0.14,0.14,0.00,0.14
Emanuele Foti,,MF,US Reggina,17,2004,1,0,16,0.2,0,0,0,0,0,0,0,0,0.0,0.0,0.0,0.0,0,1,2,0.00,0.00,0.00,0.00,0.00,0.00,0.00,0.00,0.00,0.00
Daam Foulon,be BEL,DF,Benevento,22,1999,27,21,"1,869",20.8,1,2,3,1,0,0,2,0,0.6,0.6,1.9,2.5,46,65,89,0.05,0.10,0.14,0.05,0.14,0.03,0.09,0.12,0.03,0.12
Damiano Franco,it ITA,DF,US Reggina,19,2002,1,1,55,0.6,0,0,0,0,0,0,0,0,0.0,0.0,0.0,0.0,2,4,7,0.00,0.00,0.00,0.00,0.00,0.00,0.00,0.00,0.00,0.00
Jean Freddi Greco,it ITA,MF,Vicenza Virtus,20,2001,3,1,62,0.7,0,0,0,0,0,0,0,0,0.0,0.0,0.0,0.0,3,1,3,0.00,0.00,0.00,0.00,0.00,0.04,0.00,0.04,0.04,0.04
Gianluca Gaetano,it ITA,"MF,FW",Cremonese,21,2000,35,28,"2,437",27.1,7,5,12,7,0,0,4,0,7.2,7.2,2.7,9.9,66,140,126,0.26,0.18,0.44,0.26,0.44,0.26,0.10,0.36,0.26,0.36
Antonino Gallo,it ITA,DF,Lecce,21,2000,26,19,"1,858",20.6,1,0,1,1,0,0,4,0,0.2,0.2,3.2,3.4,63,121,77,0.05,0.00,0.05,0.05,0.05,0.01,0.15,0.16,0.01,0.16
Ottavio Garau,it ITA,MF,US Reggina,18,2002,1,0,6,0.1,0,0,0,0,0,0,0,0,0.0,0.0,0.0,0.0,0,1,0,0.00,0.00,0.00,0.00,0.00,0.00,0.00,0.00,0.00,0.00
Federico Gatti,it ITA,DF,Frosinone,23,1998,35,35,"3,085",34.3,5,2,7,5,0,0,13,1,3.5,3.5,1.5,5.0,51,134,7,0.15,0.06,0.20,0.15,0.20,0.10,0.04,0.14,0.10,0.14
Lorenzo Gavioli,it ITA,MF,US Reggina,21,2000,1,0,25,0.3,0,0,0,0,0,0,0,0,0.0,0.0,0.0,0.0,1,1,1,0.00,0.00,0.00,0.00,0.00,0.00,0.00,0.00,0.00,0.00
Valentin Gendrey,fr FRA,DF,Lecce,21,2000,29,24,"2,014",22.4,0,1,1,0,0,0,2,0,0.2,0.2,1.9,2.1,62,93,90,0.00,0.04,0.04,0.00,0.04,0.01,0.09,0.10,0.01,0.10
Andrea Ghion,it ITA,MF,Perugia,21,2000,12,7,499,5.5,0,0,0,0,0,0,2,0,0.5,0.5,0.2,0.7,10,27,2,0.00,0.00,0.00,0.00,0.00,0.09,0.03,0.12,0.09,0.12
Mauro Ghiozzi,it ITA,MF,Alessandria,19,2002,1,0,18,0.2,0,0,0,0,0,0,0,0,0.0,0.0,0.0,0.0,0,0,0,0.00,0.00,0.00,0.00,0.00,0.00,0.00,0.00,0.00,0.00
Pasquale Giannotti,it ITA,"DF,MF",Crotone,22,1999,23,10,"1,064",11.8,0,0,0,0,0,0,7,1,1.2,1.2,0.9,2.1,28,52,81,0.00,0.00,0.00,0.00,0.00,0.10,0.08,0.18,0.10,0.18
Federico Giraudo,it ITA,DF,US Reggina,22,1998,15,12,940,10.4,0,0,0,0,0,0,2,0,0.1,0.1,0.8,0.9,20,19,45,0.00,0.00,0.00,0.00,0.00,0.01,0.08,0.08,0.01,0.08
Gabriele Gori,it ITA,FW,Cosenza,22,1999,18,18,"1,506",16.7,5,3,8,4,1,1,1,0,3.0,2.3,1.8,4.1,5,25,82,0.30,0.18,0.48,0.24,0.42,0.18,0.11,0.29,0.13,0.24
Luca Gozzo,it ITA,MF,Crotone,16,2004,1,0,4,0.0,0,0,0,0,0,0,0,0,0.0,0.0,0.0,0.0,0,0,0,0.00,0.00,0.00,0.00,0.00,0.00,0.00,0.00,0.00,0.00
Manu Gyabuaa,it ITA,"MF,DF",Perugia,19,2001,6,0,125,1.4,0,0,0,0,0,0,1,0,0.1,0.1,0.1,0.2,3,7,9,0.00,0.00,0.00,0.00,0.00,0.09,0.04,0.14,0.09,0.14
Hamza Haoudi,it ITA,"FW,MF",Frosinone,20,2001,4,0,26,0.3,0,0,0,0,0,0,0,0,0.2,0.2,0.2,0.4,1,4,1,0.00,0.00,0.00,0.00,0.00,0.75,0.73,1.48,0.75,1.48
David Heidenreich,cz CZE,DF,SPAL,21,2000,3,1,145,1.6,0,0,0,0,0,0,1,0,0.0,0.0,0.2,0.2,0,3,2,0.00,0.00,0.00,0.00,0.00,0.00,0.14,0.14,0.00,0.14
Morten Hjulmand,dk DEN,MF,Lecce,22,1999,37,36,"3,206",35.6,0,3,3,0,0,0,7,0,1.4,1.4,2.4,3.8,24,164,21,0.00,0.08,0.08,0.00,0.08,0.04,0.07,0.11,0.04,0.11
Andrea Hristov,bg BUL,DF,Cosenza,22,1999,10,9,818,9.1,0,1,1,0,0,0,1,0,0.2,0.2,0.0,0.2,2,21,2,0.00,0.11,0.11,0.00,0.11,0.02,0.00,0.02,0.02,0.02
Matthieu Huard,fr FRA,DF,Brescia,23,1998,6,2,196,2.2,0,0,0,0,0,0,1,0,0.0,0.0,0.1,0.1,8,15,5,0.00,0.00,0.00,0.00,0.00,0.00,0.07,0.07,0.00,0.07
Daniele Iacoponi,it ITA,"FW,MF",Pordenone,19,2002,4,0,85,0.9,0,0,0,0,0,0,0,0,0.0,0.0,0.2,0.2,2,1,8,0.00,0.00,0.00,0.00,0.00,0.00,0.19,0.19,0.00,0.19
Daniele Iacoponi,it ITA,"FW,MF",Parma,19,2002,4,0,48,0.5,0,0,0,0,0,0,1,0,0.0,0.0,0.1,0.1,2,2,5,0.00,0.00,0.00,0.00,0.00,0.00,0.10,0.10,0.00,0.10
Mario Ierardi,it ITA,DF,Vicenza Virtus,23,1998,6,5,426,4.7,1,0,1,1,0,0,3,0,0.6,0.6,0.0,0.6,10,24,9,0.21,0.00,0.21,0.21,0.21,0.12,0.01,0.13,0.12,0.13
Brynjar Ingi Bjarnason,is ISL,DF,Lecce,21,1999,1,1,45,0.5,0,0,0,0,0,0,0,0,0.0,0.0,0.0,0.0,0,0,0,0.00,0.00,0.00,0.00,0.00,0.10,0.00,0.10,0.10,0.10
Filip Jagiełło,pl POL,MF,Brescia,23,1997,28,14,"1,233",13.7,3,2,5,3,0,0,1,0,3.2,3.2,2.3,5.5,40,99,98,0.22,0.15,0.36,0.22,0.36,0.23,0.17,0.40,0.23,0.40
Þórir Jóhann Helgason,is ISL,MF,Lecce,20,2000,25,9,933,10.4,1,0,1,1,0,0,2,0,1.8,1.8,0.7,2.5,14,23,42,0.10,0.00,0.10,0.10,0.10,0.18,0.07,0.25,0.17,0.24
Flavio Junior Bianchi,it ITA,"FW,MF",Brescia,21,2000,8,1,154,1.7,1,2,3,1,0,0,0,0,0.9,0.9,0.4,1.3,5,3,18,0.58,1.17,1.75,0.58,1.75,0.52,0.23,0.75,0.52,0.75
Musa Juwara,gm GAM,DF,Crotone,19,2001,3,0,36,0.4,0,1,1,0,0,0,0,0,0.0,0.0,0.2,0.2,2,0,4,0.00,2.50,2.50,0.00,2.50,0.11,0.41,0.52,0.11,0.52
Sergio Kalaj,al ALB,DF,Frosinone,21,2000,2,1,69,0.8,0,0,0,0,0,0,0,0,0.0,0.0,0.0,0.0,0,3,0,0.00,0.00,0.00,0.00,0.00,0.00,0.00,0.00,0.00,0.00
Hamza El Kaouakibi,ma MAR,DF,Pordenone,23,1998,25,23,"1,922",21.4,0,1,1,0,0,0,9,1,0.8,0.8,1.0,1.8,45,84,69,0.00,0.05,0.05,0.00,0.05,0.04,0.05,0.08,0.04,0.08
Augustus Kargbo,sl SLE,"MF,FW",Crotone,21,1999,32,17,"1,690",18.8,3,2,5,3,0,0,3,1,3.6,3.2,3.1,6.3,89,53,222,0.16,0.11,0.27,0.16,0.27,0.19,0.17,0.36,0.17,0.33
Aristidi Kolaj,al ALB,"MF,FW",Alessandria,22,1999,20,7,755,8.4,1,0,1,1,0,0,2,0,2.1,2.1,0.5,2.6,32,23,48,0.12,0.00,0.12,0.12,0.12,0.26,0.06,0.31,0.26,0.31
Rodney Kongolo,nl NED,MF,Cosenza,23,1998,13,8,779,8.7,0,0,0,0,0,0,0,0,0.2,0.2,1.7,1.9,14,25,30,0.00,0.00,0.00,0.00,0.00,0.03,0.19,0.22,0.03,0.22
Christian Kouan,ci CIV,MF,Perugia,22,1999,34,25,"2,154",23.9,4,2,6,4,0,0,10,3,5.1,5.1,1.7,6.8,32,84,91,0.17,0.08,0.25,0.17,0.25,0.21,0.07,0.28,0.21,0.28
Ilias Koutsoupias,gr GRE,MF,Ternana,20,2001,22,16,"1,279",14.2,1,0,1,1,0,0,5,0,1.0,1.0,0.2,1.2,20,50,33,0.07,0.00,0.07,0.07,0.07,0.07,0.01,0.09,0.07,0.09
Titas Krapikas,lt LTU,GK,Ternana,22,1999,2,2,180,2.0,0,0,0,0,0,0,0,0,0.0,0.0,0.0,0.0,0,0,0,0.00,0.00,0.00,0.00,0.00,0.00,0.00,0.00,0.00,0.00
Salvatore La Vardera,it ITA,DF,Cosenza,19,2002,2,0,7,0.1,0,0,0,0,0,0,0,0,0.0,0.0,0.0,0.0,0,0,1,0.00,0.00,0.00,0.00,0.00,0.00,0.00,0.00,0.00,0.00
Emmanuel Latte Lath,ci CIV,FW,SPAL,22,1999,18,9,817,9.1,3,0,3,3,0,0,3,0,2.5,2.5,0.7,3.2,23,13,62,0.33,0.00,0.33,0.33,0.33,0.28,0.07,0.35,0.28,0.35
Adrian Leon Barišić,ba BIH,DF,Frosinone,20,2001,12,9,776,8.6,1,0,1,1,0,0,4,0,0.1,0.1,0.1,0.2,4,34,2,0.12,0.00,0.12,0.12,0.12,0.01,0.01,0.02,0.01,0.02
Mehdi Léris,dz ALG,"MF,FW",Brescia,23,1998,33,30,"2,390",26.6,2,4,6,2,0,0,7,0,6.5,6.5,4.5,11.0,101,103,253,0.08,0.15,0.23,0.08,0.23,0.24,0.17,0.41,0.24,0.41
Ben Lhassine Kone,ci CIV,MF,Crotone,21,2000,16,7,692,7.7,1,1,2,1,0,0,5,0,0.4,0.4,0.8,1.3,15,30,18,0.13,0.13,0.26,0.13,0.26,0.05,0.11,0.16,0.05,0.16
Marcin Listkowski,pl POL,"FW,MF",Lecce,23,1998,23,8,758,8.4,2,1,3,2,0,0,3,0,2.0,2.0,1.9,4.0,17,26,57,0.24,0.12,0.36,0.24,0.36,0.24,0.23,0.47,0.24,0.47
Tom van de Looi,nl NED,MF,Brescia,22,1999,30,28,"2,228",24.8,3,1,4,3,0,0,9,0,1.3,1.3,1.1,2.4,16,169,22,0.12,0.04,0.16,0.12,0.16,0.05,0.04,0.10,0.05,0.10
Alessandro Lovisa,it ITA,MF,Pordenone,19,2001,17,15,"1,307",14.5,1,0,1,1,0,1,7,0,2.1,1.3,1.1,2.4,15,43,29,0.07,0.00,0.07,0.07,0.07,0.15,0.07,0.22,0.09,0.16
Lorenzo Lucca,it ITA,FW,Pisa,20,2000,30,17,"1,676",18.6,6,4,10,5,1,2,7,2,6.2,4.7,2.3,7.0,27,28,117,0.32,0.21,0.54,0.27,0.48,0.33,0.13,0.46,0.25,0.37
Zito Luvumbo,ao ANG,MF,Como,19,2002,3,0,111,1.2,0,0,0,0,0,0,0,0,0.0,0.0,0.0,0.0,4,3,9,0.00,0.00,0.00,0.00,0.00,0.00,0.00,0.00,0.00,0.00
Alessio Maestrelli,it ITA,DF,Frosinone,18,2003,1,0,22,0.2,0,0,0,0,0,0,0,0,0.0,0.0,0.0,0.0,0,0,0,0.00,0.00,0.00,0.00,0.00,0.00,0.00,0.00,0.00,0.00
Luca Magnino,it ITA,"MF,DF",Pordenone,23,1997,18,13,"1,236",13.7,1,0,1,1,0,0,3,0,1.0,1.0,0.6,1.6,16,61,32,0.07,0.00,0.07,0.07,0.07,0.07,0.04,0.11,0.07,0.11
Fabio Maistro,it ITA,MF,Ascoli,23,1998,31,20,"1,590",17.7,3,4,7,3,0,1,2,0,3.6,2.6,3.6,6.2,62,75,87,0.17,0.23,0.40,0.17,0.40,0.20,0.20,0.40,0.15,0.35
Dennis Man,ro ROU,"DF,FW",Parma,22,1998,26,21,"1,789",19.9,3,1,4,3,0,0,4,0,3.1,3.1,3.0,6.1,109,109,128,0.15,0.05,0.20,0.15,0.20,0.16,0.15,0.31,0.16,0.31
Tommaso Mancini,it ITA,FW,Vicenza Virtus,17,2004,8,3,283,3.1,0,0,0,0,0,0,1,0,0.5,0.5,0.2,0.6,2,7,12,0.00,0.00,0.00,0.00,0.00,0.15,0.05,0.20,0.15,0.20
Massimiliano Mangraviti,it ITA,DF,Brescia,23,1998,26,20,"1,883",20.9,0,0,0,0,0,0,2,0,0.3,0.3,0.1,0.4,16,60,8,0.00,0.00,0.00,0.00,0.00,0.01,0.00,0.02,0.01,0.02
Kalifa Manneh,gm GAM,DF,Perugia,22,1998,1,0,6,0.1,0,0,0,0,0,0,0,0,0.0,0.0,0.0,0.0,0,0,2,0.00,0.00,0.00,0.00,0.00,0.00,0.00,0.00,0.00,0.00
Giacomo Manzari,it ITA,"FW,MF",Frosinone,20,2000,12,1,146,1.6,0,0,0,0,0,0,1,0,0.2,0.2,0.1,0.3,4,2,15,0.00,0.00,0.00,0.00,0.00,0.13,0.05,0.18,0.13,0.18
Marius Marin,ro ROU,MF,Pisa,22,1998,35,32,"2,805",31.2,0,0,0,0,0,0,12,0,1.0,1.0,1.6,2.6,52,147,70,0.00,0.00,0.00,0.00,0.00,0.03,0.05,0.08,0.03,0.08
Valerio Mastrantonio,it ITA,MF,Cittadella,22,1999,14,6,513,5.7,0,0,0,0,0,0,1,0,0.2,0.2,0.2,0.4,8,17,17,0.00,0.00,0.00,0.00,0.00,0.04,0.03,0.07,0.04,0.07
Alessandro Mattioli,it ITA,DF,Cittadella,23,1998,19,17,"1,400",15.6,0,1,1,0,0,0,9,0,0.4,0.4,0.7,1.1,32,56,36,0.00,0.06,0.06,0.00,0.06,0.02,0.04,0.07,0.02,0.07
Simone Mazzocchi,it ITA,"FW,MF",Ternana,22,1998,23,6,891,9.9,4,0,4,4,0,0,0,0,2.8,2.8,0.8,3.6,12,20,73,0.40,0.00,0.40,0.40,0.40,0.28,0.08,0.37,0.28,0.37
Valentin Mihaila,ro ROU,"FW,DF",Parma,21,2000,13,10,806,9.0,2,1,3,2,0,0,4,0,3.0,3.0,0.9,3.9,24,29,83,0.22,0.11,0.33,0.22,0.33,0.34,0.10,0.43,0.34,0.43
Tommaso Milanese,it ITA,MF,Alessandria,19,2002,35,26,"2,253",25.0,1,1,2,1,0,0,3,0,1.9,1.9,2.5,4.4,69,121,58,0.04,0.04,0.08,0.04,0.08,0.08,0.10,0.18,0.08,0.18
Vincenzo Millico,it ITA,"FW,MF",Cosenza,20,2000,20,7,735,8.2,3,1,4,3,0,0,4,0,1.4,1.4,1.1,2.5,32,15,58,0.37,0.12,0.49,0.37,0.49,0.17,0.13,0.31,0.17,0.31
Alessandro Minelli,it ITA,DF,Cosenza,22,1999,3,2,256,2.8,0,0,0,0,0,0,2,0,0.0,0.0,0.0,0.0,0,2,0,0.00,0.00,0.00,0.00,0.00,0.00,0.00,0.00,0.00,0.00
Christian Mora,it ITA,DF,Alessandria,23,1997,1,0,31,0.3,0,0,0,0,0,0,0,0,0.0,0.0,0.0,0.0,1,0,1,0.00,0.00,0.00,0.00,0.00,0.00,0.00,0.00,0.00,0.00
Dany Mota,pt POR,FW,Monza,23,1998,28,24,"2,058",22.9,11,1,12,11,0,0,4,0,7.4,7.4,4.1,11.4,74,60,233,0.48,0.04,0.52,0.48,0.52,0.32,0.18,0.50,0.32,0.50
Samuele Mulattieri,it ITA,FW,Crotone,20,2000,28,21,"1,929",21.4,6,0,6,6,0,0,1,0,6.1,6.1,1.7,7.8,25,35,146,0.28,0.00,0.28,0.28,0.28,0.29,0.08,0.36,0.29,0.36
Steven Nador,tg TOG,DF,SPAL,19,2002,2,0,20,0.2,0,0,0,0,0,0,0,0,0.0,0.0,0.0,0.0,0,0,0,0.00,0.00,0.00,0.00,0.00,0.00,0.00,0.00,0.00,0.00
Filippo Nardi,it ITA,"MF,DF",Como,23,1998,13,6,627,7.0,0,1,1,0,0,0,1,0,0.1,0.1,0.4,0.5,11,20,13,0.00,0.14,0.14,0.00,0.14,0.01,0.06,0.07,0.01,0.07
Filippo Nardi,it ITA,MF,Cremonese,23,1998,4,0,48,0.5,0,0,0,0,0,0,0,0,0.1,0.1,0.0,0.1,1,2,8,0.00,0.00,0.00,0.00,0.00,0.18,0.00,0.18,0.18,0.18
Manuel Nicoletti,it ITA,DF,Crotone,22,1998,2,1,53,0.6,0,0,0,0,0,0,0,0,0.0,0.0,0.0,0.0,0,0,3,0.00,0.00,0.00,0.00,0.00,0.00,0.08,0.08,0.00,0.08
Brian Oddei,it ITA,"MF,FW",Crotone,18,2002,11,3,304,3.4,0,0,0,0,0,0,2,0,0.9,0.9,0.4,1.3,15,12,39,0.00,0.00,0.00,0.00,0.00,0.28,0.11,0.39,0.28,0.39
Caleb Okoli,it ITA,DF,Cremonese,20,2001,27,27,"2,385",26.5,0,1,1,0,0,0,6,0,0.4,0.4,0.1,0.5,9,73,2,0.00,0.04,0.04,0.00,0.04,0.02,0.01,0.02,0.02,0.02
Orji Okwonkwo,ng NGA,FW,Cittadella,23,1998,20,19,"1,462",16.2,7,1,8,7,0,0,2,0,7.1,7.1,1.0,8.0,24,14,103,0.43,0.06,0.49,0.43,0.49,0.44,0.06,0.50,0.44,0.50
Marco Olivieri,it ITA,"FW,MF",Perugia,22,1999,17,9,831,9.2,5,0,5,5,0,0,4,0,3.5,3.5,0.6,4.1,18,14,53,0.54,0.00,0.54,0.54,0.54,0.38,0.06,0.45,0.38,0.45
Marco Olivieri,it ITA,FW,Lecce,22,1999,18,9,759,8.4,0,0,0,0,0,0,0,0,1.8,1.8,0.8,2.6,14,14,63,0.00,0.00,0.00,0.00,0.00,0.21,0.10,0.31,0.21,0.31
Giacomo Olzer,it ITA,"MF,FW",Brescia,20,2001,4,0,64,0.7,0,0,0,0,0,0,0,0,0.1,0.1,0.4,0.5,1,0,6,0.00,0.00,0.00,0.00,0.00,0.15,0.62,0.77,0.15,0.77
Mihael Onișa,ro ROU,"MF,DF",Pordenone,21,2000,3,0,51,0.6,0,0,0,0,0,0,1,0,0.1,0.1,0.0,0.1,0,2,1,0.00,0.00,0.00,0.00,0.00,0.10,0.00,0.10,0.10,0.10
Jayden Oosterwolde,nl NED,DF,Parma,20,2001,5,3,293,3.3,0,0,0,0,0,0,1,0,0.1,0.1,0.0,0.1,11,10,10,0.00,0.00,0.00,0.00,0.00,0.03,0.00,0.03,0.03,0.03
Anthony Oyono,ga GAB,DF,Frosinone,20,2001,2,0,90,1.0,0,0,0,0,0,0,0,0,0.0,0.0,0.0,0.0,1,5,2,0.00,0.00,0.00,0.00,0.00,0.00,0.00,0.00,0.00,0.00
Mark Pabai,lr LBR,DF,SPAL,20,2000,1,0,13,0.1,0,0,0,0,0,0,0,0,0.0,0.0,0.0,0.0,1,2,2,0.00,0.00,0.00,0.00,0.00,0.00,0.00,0.00,0.00,0.00
Simone Pagni,it ITA,MF,US Reggina,16,2004,1,0,6,0.1,0,0,0,0,0,0,0,0,0.0,0.0,0.0,0.0,0,0,1,0.00,0.00,0.00,0.00,0.00,0.00,0.00,0.00,0.00,0.00
Filippo Palazzino,it ITA,MF,Ascoli,17,2003,4,1,81,0.9,0,0,0,0,0,0,0,0,0.0,0.0,0.0,0.0,1,1,4,0.00,0.00,0.00,0.00,0.00,0.00,0.04,0.04,0.00,0.04
Luca Pandolfi,it ITA,"FW,DF",Cosenza,23,1998,17,2,413,4.6,0,0,0,0,0,0,3,0,1.1,1.1,0.3,1.5,10,6,25,0.00,0.00,0.00,0.00,0.00,0.25,0.07,0.32,0.25,0.32
Andrea Papetti,it ITA,"DF,MF",Brescia,19,2002,5,0,68,0.8,0,0,0,0,0,0,1,0,0.0,0.0,0.0,0.0,0,3,1,0.00,0.00,0.00,0.00,0.00,0.00,0.00,0.00,0.00,0.00
Christian Pastina,it ITA,DF,Benevento,20,2001,5,4,326,3.6,0,0,0,0,0,0,1,0,0.0,0.0,0.0,0.1,0,5,0,0.00,0.00,0.00,0.00,0.00,0.01,0.01,0.02,0.01,0.02
Mario Paura,,DF,US Reggina,16,2005,1,0,25,0.3,0,0,0,0,0,0,0,0,0.0,0.0,0.0,0.0,0,0,0,0.00,0.00,0.00,0.00,0.00,0.00,0.00,0.00,0.00,0.00
Patryk Peda,pl POL,DF,SPAL,19,2002,13,6,637,7.1,0,0,0,0,0,0,2,0,0.4,0.4,0.1,0.5,8,18,22,0.00,0.00,0.00,0.00,0.00,0.05,0.01,0.07,0.05,0.07
Lorenzo Peli,it ITA,MF,Como,21,2000,11,3,271,3.0,0,0,0,0,0,0,0,0,0.0,0.0,0.3,0.3,8,8,6,0.00,0.00,0.00,0.00,0.00,0.00,0.11,0.11,0.00,0.11
Jacopo Pellegrini,it ITA,"FW,MF",Pordenone,20,2000,17,9,640,7.1,0,0,0,0,0,0,1,0,1.3,1.3,0.6,1.9,8,6,54,0.00,0.00,0.00,0.00,0.00,0.18,0.09,0.27,0.18,0.27
Pedro Pereira,pt POR,DF,Monza,23,1998,33,24,"2,242",24.9,0,4,4,0,0,0,5,0,0.9,0.9,2.9,3.7,64,81,191,0.00,0.16,0.16,0.00,0.16,0.04,0.11,0.15,0.04,0.15
Samuele Perisan,it ITA,GK,Pordenone,23,1997,32,32,"2,867",31.9,0,0,0,0,0,0,1,0,0.0,0.0,0.0,0.0,0,1,1,0.00,0.00,0.00,0.00,0.00,0.00,0.00,0.00,0.00,0.00
Matteo Perri,it ITA,DF,Pordenone,22,1998,13,9,909,10.1,0,0,0,0,0,0,0,0,0.2,0.2,0.9,1.1,9,36,35,0.00,0.00,0.00,0.00,0.00,0.02,0.09,0.11,0.02,0.11
Gabriele Piccinini,it ITA,"MF,FW",Pisa,20,2001,7,2,213,2.4,0,0,0,0,0,0,1,0,0.1,0.1,0.0,0.1,2,7,8,0.00,0.00,0.00,0.00,0.00,0.03,0.01,0.04,0.03,0.04
Edoardo Pierozzi,it ITA,DF,Alessandria,19,2001,19,13,"1,068",11.9,1,2,3,1,0,0,4,0,1.8,1.8,1.9,3.7,23,36,65,0.08,0.17,0.25,0.08,0.25,0.15,0.16,0.31,0.15,0.31
Lorenzo Pirola,it ITA,DF,Monza,19,2002,10,4,458,5.1,0,0,0,0,0,0,0,0,0.1,0.1,0.1,0.1,0,9,2,0.00,0.00,0.00,0.00,0.00,0.02,0.01,0.03,0.02,0.03
Kevin Piscopo,it ITA,FW,SPAL,23,1998,2,0,30,0.3,0,0,0,0,0,0,1,0,0.0,0.0,0.0,0.0,1,0,4,0.00,0.00,0.00,0.00,0.00,0.00,0.14,0.14,0.00,0.14
Semuel Pizzignacco,it ITA,GK,Vicenza Virtus,19,2001,3,3,270,3.0,0,0,0,0,0,0,0,0,0.0,0.0,0.0,0.0,0,0,0,0.00,0.00,0.00,0.00,0.00,0.00,0.00,0.00,0.00,0.00
Alessandro Plizzari,it ITA,GK,Lecce,21,2000,3,3,270,3.0,0,0,0,0,0,0,1,0,0.0,0.0,0.0,0.0,0,0,0,0.00,0.00,0.00,0.00,0.00,0.00,0.00,0.00,0.00,0.00
Dennis Politic,ro ROU,"DF,MF",Cremonese,21,2000,3,0,16,0.2,0,0,0,0,0,0,1,0,0.0,0.0,0.0,0.0,2,2,0,0.00,0.00,0.00,0.00,0.00,0.00,0.00,0.00,0.00,0.00
Hamza Rafia,tn TUN,"MF,FW",Cremonese,22,1999,12,4,347,3.9,0,0,0,0,0,0,2,0,0.7,0.7,0.5,1.3,7,11,21,0.00,0.00,0.00,0.00,0.00,0.19,0.14,0.33,0.19,0.33
Filippo Ranocchia,it ITA,MF,Vicenza Virtus,20,2001,30,25,"2,262",25.1,1,3,4,1,0,0,7,0,3.4,3.4,4.3,7.6,62,127,73,0.04,0.12,0.16,0.04,0.16,0.13,0.17,0.30,0.13,0.30
Federico Ravaglia,it ITA,GK,Frosinone,21,1999,27,27,"2,430",27.0,0,0,0,0,0,0,0,0,0.0,0.0,0.0,0.0,0,0,0,0.00,0.00,0.00,0.00,0.00,0.00,0.00,0.00,0.00,0.00
Samuele Righetti,it ITA,DF,Perugia,19,2001,7,0,125,1.4,0,0,0,0,0,0,0,0,0.0,0.0,0.1,0.1,0,5,7,0.00,0.00,0.00,0.00,0.00,0.00,0.06,0.06,0.00,0.06
Rigoberto Rivas,hn HON,"FW,MF",US Reggina,23,1998,27,18,"1,639",18.2,2,0,2,2,0,0,4,0,4.0,4.0,2.3,6.2,51,28,146,0.11,0.00,0.11,0.11,0.11,0.22,0.12,0.34,0.22,0.34
Pablo Rodríguez,es ESP,"FW,MF",Lecce,19,2001,25,5,737,8.2,2,1,3,2,0,0,4,0,2.5,2.5,1.6,4.2,19,16,65,0.24,0.12,0.37,0.24,0.37,0.31,0.20,0.51,0.31,0.51
Luis Rojas,cl CHI,MF,Crotone,19,2002,1,0,9,0.1,0,0,0,0,0,0,0,0,0.0,0.0,0.0,0.0,0,1,1,0.00,0.00,0.00,0.00,0.00,0.00,0.00,0.00,0.00,0.00
Alessandro Russo,it ITA,GK,Alessandria,20,2001,2,1,46,0.5,0,0,0,0,0,0,0,0,0.0,0.0,0.0,0.0,0,0,0,0.00,0.00,0.00,0.00,0.00,0.00,0.00,0.00,0.00,0.00
Marco Sala,it ITA,DF,Crotone,22,1999,28,15,"1,419",15.8,0,2,2,0,0,0,4,0,1.0,1.0,2.1,3.1,39,85,80,0.00,0.13,0.13,0.00,0.13,0.07,0.13,0.20,0.07,0.20
Thomas Sandon,it ITA,DF,Vicenza Virtus,18,2003,7,2,230,2.6,0,0,0,0,0,0,2,0,0.0,0.0,0.1,0.2,2,8,3,0.00,0.00,0.00,0.00,0.00,0.01,0.05,0.07,0.01,0.07
Simone Santoro,it ITA,MF,Perugia,21,1999,31,18,"1,679",18.7,0,1,1,0,0,0,5,0,1.9,1.9,1.9,3.8,41,90,51,0.00,0.05,0.05,0.00,0.05,0.10,0.10,0.21,0.10,0.21
Gianluca Saro,it ITA,GK,Crotone,21,2000,7,7,630,7.0,0,0,0,0,0,0,0,0,0.0,0.0,0.0,0.0,0,0,0,0.00,0.00,0.00,0.00,0.00,0.00,0.00,0.00,0.00,0.00
Alexander Satariano,mt MLT,"MF,DF",Frosinone,19,2001,2,0,3,0.0,0,0,0,0,0,0,0,0,0.0,0.0,0.0,0.0,0,0,0,0.00,0.00,0.00,0.00,0.00,0.00,0.00,0.00,0.00,0.00
Thomas Schirò,it ITA,MF,Crotone,21,2000,14,5,505,5.6,0,1,1,0,0,0,1,1,1.4,1.4,0.6,2.0,15,37,18,0.00,0.18,0.18,0.00,0.18,0.25,0.10,0.35,0.25,0.35
David Schnegg,at AUT,DF,Crotone,22,1998,15,10,835,9.3,1,0,1,1,0,0,6,1,1.0,1.0,0.9,1.9,26,44,44,0.11,0.00,0.11,0.11,0.11,0.11,0.10,0.21,0.11,0.21
Assan Seck,sn SEN,MF,Pisa,17,2004,1,0,16,0.2,0,0,0,0,0,0,0,0,0.1,0.1,0.0,0.1,1,1,2,0.00,0.00,0.00,0.00,0.00,0.47,0.00,0.47,0.47,0.47
Demba Seck,sn SEN,FW,SPAL,20,2001,18,11,949,10.5,1,2,3,1,0,0,2,0,2.4,2.4,0.9,3.3,40,34,77,0.09,0.19,0.28,0.09,0.28,0.22,0.09,0.31,0.22,0.31
Federico Secli,it ITA,"FW,MF",Pordenone,19,2002,9,1,240,2.7,0,0,0,0,0,0,0,0,0.0,0.0,0.1,0.1,1,2,17,0.00,0.00,0.00,0.00,0.00,0.00,0.05,0.05,0.00,0.05
Alessandro Selvini,it ITA,FW,Frosinone,17,2004,1,0,45,0.5,0,0,0,0,0,0,1,0,0.2,0.2,0.1,0.3,0,0,8,0.00,0.00,0.00,0.00,0.00,0.36,0.18,0.55,0.36,0.55
Filippo Sgarbi,it ITA,DF,Perugia,23,1997,33,27,"2,540",28.2,1,0,1,1,0,0,2,0,1.0,1.0,0.4,1.4,45,115,15,0.04,0.00,0.04,0.04,0.04,0.03,0.01,0.05,0.03,0.05
Antonis Siatounis,gr GRE,MF,Monza,18,2002,2,0,24,0.3,0,0,0,0,0,0,0,0,0.0,0.0,0.0,0.0,0,0,0,0.00,0.00,0.00,0.00,0.00,0.00,0.00,0.00,0.00,0.00
Dario Sits,lv LVA,"FW,DF",Parma,17,2004,3,2,118,1.3,0,0,0,0,0,0,0,0,0.2,0.2,0.1,0.3,0,0,1,0.00,0.00,0.00,0.00,0.00,0.18,0.08,0.27,0.18,0.27
Simon Sohm,ch SUI,"MF,DF",Parma,20,2001,28,15,"1,537",17.1,0,0,0,0,0,0,5,0,0.8,0.8,1.3,2.1,23,62,29,0.00,0.00,0.00,0.00,0.00,0.05,0.07,0.12,0.05,0.12
Riccardo Spaltro,it ITA,DF,SPAL,21,2000,2,1,73,0.8,0,0,0,0,0,0,0,0,0.0,0.0,0.0,0.0,1,0,1,0.00,0.00,0.00,0.00,0.00,0.00,0.00,0.00,0.00,0.00
Gianluigi Sueva,do DOM,FW,Cosenza,21,2000,3,2,146,1.6,0,0,0,0,0,0,0,0,0.8,0.8,0.0,0.9,0,1,7,0.00,0.00,0.00,0.00,0.00,0.52,0.01,0.53,0.52,0.53
Sanasi Sy,fr FRA,DF,Cosenza,22,1999,17,10,845,9.4,0,0,0,0,0,0,5,0,0.1,0.1,0.4,0.5,19,28,13,0.00,0.00,0.00,0.00,0.00,0.01,0.04,0.06,0.01,0.06
Angelo Talia,it ITA,MF,Benevento,18,2003,4,0,72,0.8,0,0,0,0,0,0,1,0,0.0,0.0,0.1,0.1,2,2,1,0.00,0.00,0.00,0.00,0.00,0.00,0.09,0.09,0.00,0.09
Camillo Tavernelli,it ITA,"FW,MF",Cittadella,22,1999,25,6,686,7.6,1,2,3,1,0,0,4,0,2.1,2.1,1.1,3.1,16,19,75,0.13,0.26,0.39,0.13,0.39,0.27,0.14,0.41,0.27,0.41
Demba Thiam,sn SEN,GK,SPAL,23,1998,19,18,"1,665",18.5,0,0,0,0,0,0,1,0,0.0,0.0,0.0,0.0,0,0,0,0.00,0.00,0.00,0.00,0.00,0.00,0.00,0.00,0.00,0.00
Serigne Thioune,it ITA,FW,Cittadella,17,2004,2,0,30,0.3,0,0,0,0,0,0,1,0,0.0,0.0,0.0,0.0,0,0,3,0.00,0.00,0.00,0.00,0.00,0.00,0.00,0.00,0.00,0.00
Emanuele Torrasi,it ITA,MF,Pordenone,22,1999,16,13,"1,127",12.5,0,0,0,0,0,0,5,0,0.5,0.5,0.4,0.9,12,48,6,0.00,0.00,0.00,0.00,0.00,0.04,0.03,0.07,0.04,0.07
Idrissa Touré,de GER,MF,Pisa,23,1998,32,22,"1,873",20.8,3,0,3,3,0,0,4,1,3.1,3.1,1.4,4.5,28,53,73,0.14,0.00,0.14,0.14,0.14,0.15,0.07,0.22,0.15,0.22
Mattéo Tramoni,fr FRA,"FW,MF",Brescia,21,2000,38,21,"2,007",22.3,7,2,9,6,1,1,4,0,8.3,7.5,4.3,11.8,72,96,206,0.31,0.09,0.40,0.27,0.36,0.37,0.19,0.57,0.34,0.53
Alessio Tribuzzi,it ITA,"FW,MF",Frosinone,22,1998,28,2,653,7.3,0,2,2,0,0,0,3,0,1.6,1.6,1.6,3.2,47,14,89,0.00,0.28,0.28,0.00,0.28,0.23,0.22,0.45,0.23,0.45
Alessandro Tripaldelli,it ITA,DF,SPAL,22,1999,19,16,"1,381",15.3,0,0,0,0,0,0,5,0,0.5,0.5,0.5,1.0,51,44,78,0.00,0.00,0.00,0.00,0.00,0.03,0.03,0.06,0.03,0.06
Frank Tsadjout,it ITA,FW,Pordenone,22,1999,15,10,876,9.7,1,0,1,0,1,1,2,0,2.9,2.1,0.7,2.8,13,11,55,0.10,0.00,0.10,0.00,0.00,0.30,0.07,0.37,0.22,0.29
Frank Tsadjout,it ITA,FW,Ascoli,22,1999,16,13,"1,146",12.7,4,1,5,4,0,0,3,0,4.9,4.9,0.8,5.7,27,25,67,0.31,0.08,0.39,0.31,0.39,0.39,0.06,0.45,0.39,0.45
Marco Tumminello,it ITA,"FW,MF",US Reggina,22,1998,14,3,358,4.0,1,0,1,1,0,0,1,0,1.2,1.2,0.3,1.5,4,8,12,0.25,0.00,0.25,0.25,0.25,0.29,0.08,0.37,0.29,0.37
Georgi Tunjov,ee EST,DF,SPAL,20,2001,1,0,10,0.1,0,0,0,0,0,0,0,0,0.0,0.0,0.0,0.0,0,2,2,0.00,0.00,0.00,0.00,0.00,0.00,0.00,0.00,0.00,0.00
Stefano Turati,it ITA,GK,US Reggina,19,2001,22,21,"1,914",21.3,0,0,0,0,0,0,1,0,0.0,0.0,0.0,0.0,0,0,0,0.00,0.00,0.00,0.00,0.00,0.00,0.00,0.00,0.00,0.00
Martin Turk,si SVN,GK,Parma,17,2003,10,10,900,10.0,0,0,0,0,0,0,1,0,0.0,0.0,0.0,0.0,0,0,0,0.00,0.00,0.00,0.00,0.00,0.00,0.00,0.00,0.00,0.00
Bruno Umile,it ITA,FW,Benevento,18,2003,1,0,2,0.0,0,0,0,0,0,0,0,0,0.0,0.0,0.0,0.0,0,1,0,0.00,0.00,0.00,0.00,0.00,0.00,0.00,0.00,0.00,0.00
Lautaro Valenti,ar ARG,DF,Parma,22,1999,3,2,182,2.0,0,0,0,0,0,0,0,0,0.0,0.0,0.0,0.0,0,6,0,0.00,0.00,0.00,0.00,0.00,0.01,0.00,0.01,0.01,0.01
Emanuele Valeri,it ITA,DF,Cremonese,22,1998,29,25,"2,249",25.0,3,1,4,3,0,0,8,0,1.4,1.4,2.5,3.9,80,98,114,0.12,0.04,0.16,0.12,0.16,0.06,0.10,0.16,0.06,0.16
Federico Valietti,it ITA,DF,Pordenone,22,1999,10,6,486,5.4,0,0,0,0,0,0,0,0,0.1,0.1,0.0,0.2,7,30,12,0.00,0.00,0.00,0.00,0.00,0.02,0.01,0.03,0.02,0.03
Marco Varnier,it ITA,DF,Como,23,1998,12,12,981,10.9,0,0,0,0,0,0,2,0,0.5,0.5,0.2,0.8,3,37,1,0.00,0.00,0.00,0.00,0.00,0.05,0.02,0.07,0.05,0.07
Michael Venturi,it ITA,DF,Cosenza,22,1999,15,12,"1,039",11.5,0,0,0,0,0,0,4,0,0.4,0.4,0.0,0.4,3,34,0,0.00,0.00,0.00,0.00,0.00,0.03,0.00,0.03,0.03,0.03
Brayan Vera,co COL,DF,Lecce,22,1999,2,1,84,0.9,0,0,0,0,0,0,0,0,0.0,0.0,0.0,0.0,1,4,3,0.00,0.00,0.00,0.00,0.00,0.00,0.00,0.00,0.00,0.00
Samuele Vignato,it ITA,FW,Monza,17,2004,13,5,416,4.6,1,1,2,1,0,0,0,0,0.4,0.4,1.0,1.4,12,21,27,0.22,0.22,0.43,0.22,0.43,0.08,0.21,0.30,0.08,0.30
Santiago Visentin,ar ARG,DF,Cittadella,22,1999,7,6,553,6.1,0,0,0,0,0,0,6,1,0.3,0.3,0.0,0.3,2,21,1,0.00,0.00,0.00,0.00,0.00,0.05,0.00,0.05,0.05,0.05
Santiago Visentin,ar ARG,DF,Crotone,22,1999,5,3,273,3.0,0,0,0,0,0,0,3,0,0.2,0.2,0.0,0.2,3,17,1,0.00,0.00,0.00,0.00,0.00,0.05,0.01,0.06,0.05,0.06
Mattia Viviani,it ITA,MF,Benevento,20,2000,19,14,"1,267",14.1,2,1,3,2,0,0,8,0,1.2,1.2,1.4,2.6,14,80,21,0.14,0.07,0.21,0.14,0.21,0.08,0.10,0.19,0.08,0.19
Alessandro Vogliacco,it ITA,DF,Benevento,22,1998,27,24,"2,307",25.6,0,0,0,0,0,0,3,0,0.5,0.5,0.2,0.6,10,86,5,0.00,0.00,0.00,0.00,0.00,0.02,0.01,0.02,0.02,0.02
Vasilios Zagaritis,gr GRE,DF,Parma,20,2001,5,0,64,0.7,0,0,0,0,0,0,0,0,0.0,0.0,0.0,0.0,2,7,7,0.00,0.00,0.00,0.00,0.00,0.00,0.00,0.00,0.00,0.00
Gianmaria Zanandrea,it ITA,DF,Perugia,22,1999,11,9,675,7.5,1,0,1,1,0,0,5,2,0.2,0.2,0.0,0.2,12,24,2,0.13,0.00,0.13,0.13,0.13,0.03,0.01,0.03,0.03,0.03
Niccolò Zanellato,it ITA,MF,SPAL,23,1998,17,16,"1,375",15.3,0,2,2,0,0,0,3,0,0.6,0.6,1.0,1.6,7,91,47,0.00,0.13,0.13,0.00,0.13,0.04,0.06,0.10,0.04,0.10
Niccolò Zanellato,it ITA,MF,Crotone,23,1998,14,10,887,9.9,1,1,2,1,0,0,2,0,0.7,0.7,0.9,1.6,3,59,38,0.10,0.10,0.20,0.10,0.20,0.07,0.09,0.16,0.07,0.16
Luca Zanimacchia,it ITA,FW,Cremonese,23,1998,36,25,"2,184",24.3,8,5,13,8,0,1,4,0,6.4,5.7,4.2,9.9,103,61,193,0.33,0.21,0.54,0.33,0.54,0.27,0.17,0.44,0.23,0.41
Alessio Zerbin,it ITA,"FW,MF",Frosinone,22,1999,31,26,"2,069",23.0,9,3,12,9,0,0,6,0,6.6,6.6,2.7,9.3,96,71,218,0.39,0.13,0.52,0.39,0.52,0.29,0.12,0.40,0.29,0.40
Massimo Zilli,it ITA,"FW,MF",Cosenza,19,2002,6,0,90,1.0,1,0,1,1,0,0,1,0,0.2,0.2,0.0,0.2,0,1,3,1.00,0.00,1.00,1.00,1.00,0.20,0.00,0.20,0.20,0.20
Jakub Łabojko,pl POL,MF,Brescia,23,1997,1,0,18,0.2,0,0,0,0,0,0,0,0,0.0,0.0,0.0,0.0,0,1,0,0.00,0.00,0.00,0.00,0.00,0.00,0.00,0.00,0.00,0.00
