Player,Nation,Position,Squad,Age,Year of birth,Matches Played,Starts,Minutes,90s Played,Goals,Assists,Goals + Assists,Non-Penalty Goals,Penalty Kicks Made,Penalty Kicks Attempted,Yellow Cards,Red Cards,xG: Expected Goals,npxG: Non-Penalty xG,xAG: Exp. Assisted Goals,npxG + xAG,Progressive Carries,Progressive Passes,Progressive Passes Rec,Goals/90,Assists/90,Goals + Assists/90,Non-Penalty Goals/90,Non-Penalty Goals + Assists/90,xG/90,xAG/90,xG + xAG/90,npxG/90,npxG + xAG
Nabil Aberdin,fr FRA,DF,Getafe,20,2002,2,2,180,2.0,0,0,0,0,0,0,0,0,0.0,0.0,0.0,0.0,0,7,0,0.00,0.00,0.00,0.00,0.00,0.00,0.00,0.00,0.00,0.00
Abner,br BRA,DF,Betis,23,2000,23,15,"1,400",15.6,0,1,1,0,0,0,3,0,0.1,0.1,1.0,1.1,14,33,58,0.00,0.06,0.06,0.00,0.06,0.01,0.06,0.07,0.01,0.07
Julen Agirrezabala,es ESP,GK,Athletic Club,22,2000,4,2,238,2.6,0,0,0,0,0,0,0,0,0.0,0.0,0.0,0.0,0,0,0,0.00,0.00,0.00,0.00,0.00,0.00,0.00,0.00,0.00,0.00
Lucien Agoume,fr FRA,MF,Sevilla,21,2002,12,9,777,8.6,0,0,0,0,0,0,3,0,0.9,0.9,0.6,1.5,7,35,9,0.00,0.00,0.00,0.00,0.00,0.10,0.07,0.17,0.10,0.17
Ilias Akhomach,ma MAR,"MF,FW",Villarreal,19,2004,31,17,"1,511",16.8,2,2,4,2,0,0,4,0,3.2,3.2,2.6,5.7,68,45,160,0.12,0.12,0.24,0.12,0.24,0.19,0.15,0.34,0.19,0.34
Mohamed Ali Cho,fr FRA,"FW,MF",Real Sociedad,19,2004,11,1,249,2.8,0,0,0,0,0,0,0,0,0.4,0.4,0.1,0.5,16,3,19,0.00,0.00,0.00,0.00,0.00,0.14,0.04,0.18,0.14,0.18
Domingos André Ribeiro Almeida,pt POR,"FW,MF",Valencia,23,2000,18,12,965,10.7,2,1,3,2,0,0,0,0,0.6,0.6,1.2,1.8,24,50,33,0.19,0.09,0.28,0.19,0.28,0.05,0.11,0.17,0.05,0.17
Adrià Altimira,es ESP,"DF,MF",Villarreal,22,2001,11,10,775,8.6,0,0,0,0,0,0,3,0,0.0,0.0,0.1,0.1,10,29,15,0.00,0.00,0.00,0.00,0.00,0.00,0.01,0.02,0.00,0.02
Sergi Altimira,es ESP,MF,Betis,21,2001,14,6,568,6.3,1,0,1,1,0,0,1,0,0.2,0.2,0.3,0.5,10,31,8,0.16,0.00,0.16,0.16,0.16,0.03,0.04,0.07,0.03,0.07
Gastón Álvarez,uy URU,DF,Getafe,23,2000,34,29,"2,537",28.2,2,0,2,2,0,0,7,0,0.7,0.7,0.6,1.4,11,63,40,0.07,0.00,0.07,0.07,0.07,0.03,0.02,0.05,0.03,0.05
Hugo Álvarez,es ESP,"MF,DF",Celta Vigo,20,2003,12,8,762,8.5,1,1,2,1,0,0,1,0,1.0,1.0,1.5,2.6,36,34,80,0.12,0.12,0.24,0.12,0.24,0.12,0.18,0.30,0.12,0.30
Jon Aramburu,ve VEN,DF,Real Sociedad,21,2002,11,5,543,6.0,0,0,0,0,0,0,3,0,0.1,0.1,0.0,0.1,6,26,25,0.00,0.00,0.00,0.00,0.00,0.02,0.00,0.02,0.02,0.02
Julian Araujo,mx MEX,DF,Las Palmas,21,2001,25,15,"1,462",16.2,1,0,1,1,0,0,5,0,0.7,0.7,1.2,1.9,23,74,47,0.06,0.00,0.06,0.06,0.06,0.04,0.07,0.11,0.04,0.11
Adu Ares,es ESP,FW,Athletic Club,21,2001,12,2,265,2.9,0,0,0,0,0,0,2,0,0.1,0.1,0.0,0.1,13,3,39,0.00,0.00,0.00,0.00,0.00,0.04,0.01,0.05,0.04,0.05
Matias Arezo,uy URU,FW,Granada,20,2002,14,3,369,4.1,0,0,0,0,0,0,1,0,1.2,1.2,0.1,1.2,6,5,17,0.00,0.00,0.00,0.00,0.00,0.28,0.01,0.30,0.28,0.30
Iñigo Arguibide,es ESP,DF,Osasuna,18,2005,1,0,17,0.2,0,0,0,0,0,0,0,0,0.0,0.0,0.0,0.0,0,0,0,0.00,0.00,0.00,0.00,0.00,0.00,0.00,0.00,0.00,0.00
Sergio Arribas,es ESP,"MF,FW",Almería,21,2001,34,22,"2,047",22.7,9,4,13,9,0,0,1,0,8.6,8.6,3.7,12.2,56,81,94,0.40,0.18,0.57,0.40,0.57,0.38,0.16,0.54,0.38,0.54
Loïc Bade,fr FRA,DF,Sevilla,23,2000,28,27,"2,277",25.3,0,1,1,0,0,0,5,1,0.9,0.9,0.5,1.3,15,76,3,0.00,0.04,0.04,0.00,0.04,0.04,0.02,0.05,0.04,0.05
Alex Baena,es ESP,"MF,FW",Villarreal,22,2001,34,33,"2,579",28.7,2,14,16,2,0,1,11,1,7.9,7.1,9.2,16.3,84,165,181,0.07,0.49,0.56,0.07,0.56,0.27,0.32,0.60,0.25,0.57
Alejandro Balde,es ESP,DF,Barcelona,19,2003,18,15,"1,378",15.3,0,1,1,0,0,0,1,0,0.1,0.1,1.2,1.4,73,41,141,0.00,0.07,0.07,0.00,0.07,0.01,0.08,0.09,0.01,0.09
Ander Barrenetxea,es ESP,"FW,MF",Real Sociedad,21,2001,29,20,"1,427",15.9,4,1,5,4,0,0,1,0,3.5,3.5,1.3,4.8,56,39,163,0.25,0.06,0.32,0.25,0.32,0.22,0.08,0.30,0.22,0.30
Pablo Barrios,es ESP,MF,Atlético Madrid,20,2003,24,17,"1,555",17.3,0,1,1,0,0,0,5,0,0.9,0.9,1.9,2.8,37,98,56,0.00,0.06,0.06,0.00,0.06,0.05,0.11,0.16,0.05,0.16
Jude Bellingham,eng ENG,MF,Real Madrid,20,2003,28,27,"2,315",25.7,19,6,25,18,1,1,5,1,11.1,10.3,5.3,15.6,85,196,177,0.74,0.23,0.97,0.70,0.93,0.43,0.21,0.64,0.40,0.61
Antonio Blanco,es ESP,MF,Alavés,23,2000,33,29,"2,426",27.0,0,1,1,0,0,0,5,1,0.8,0.8,1.2,2.1,20,133,22,0.00,0.04,0.04,0.00,0.04,0.03,0.05,0.08,0.03,0.08
Adri Bosch,es ESP,DF,Granada,22,2001,1,0,26,0.3,0,0,0,0,0,0,0,0,0.0,0.0,0.0,0.0,1,1,1,0.00,0.00,0.00,0.00,0.00,0.00,0.00,0.00,0.00,0.00
Brau,es ESP,DF,Granada,21,2001,1,0,31,0.3,0,0,0,0,0,0,0,0,0.0,0.0,0.0,0.0,2,0,0,0.00,0.00,0.00,0.00,0.00,0.00,0.00,0.00,0.00,0.00
Manu Bueno,es ESP,MF,Sevilla,19,2004,4,1,117,1.3,0,0,0,0,0,0,1,0,0.0,0.0,0.1,0.1,1,3,1,0.00,0.00,0.00,0.00,0.00,0.02,0.07,0.10,0.02,0.10
Pablo Busto,es ESP,DF,Betis,17,2005,2,0,44,0.5,0,0,0,0,0,0,0,0,0.0,0.0,0.2,0.2,1,1,1,0.00,0.00,0.00,0.00,0.00,0.03,0.41,0.44,0.03,0.44
Eduardo Camavinga,fr FRA,"MF,DF",Real Madrid,20,2002,31,21,"1,817",20.2,0,2,2,0,0,0,9,0,0.9,0.9,1.4,2.3,49,106,31,0.00,0.10,0.10,0.00,0.10,0.05,0.07,0.11,0.05,0.11
Sergio Camello,es ESP,FW,Rayo Vallecano,22,2001,31,20,"1,661",18.5,3,1,4,3,0,0,3,0,4.5,4.5,1.3,5.8,22,41,79,0.16,0.05,0.22,0.16,0.22,0.24,0.07,0.31,0.24,0.31
Johnny Cardoso,us USA,MF,Betis,21,2001,17,15,"1,328",14.8,1,2,3,1,0,0,3,0,1.1,1.1,0.5,1.6,10,45,11,0.07,0.14,0.20,0.07,0.20,0.07,0.03,0.11,0.07,0.11
Carmona,es ESP,"DF,MF",Getafe,21,2002,30,15,"1,313",14.6,1,1,2,1,0,0,8,0,0.8,0.8,1.0,1.8,29,39,55,0.07,0.07,0.14,0.07,0.14,0.06,0.07,0.12,0.06,0.12
Álvaro Carreras,es ESP,"MF,FW",Granada,20,2003,13,5,475,5.3,0,0,0,0,0,0,1,0,0.4,0.4,0.4,0.8,13,14,31,0.00,0.00,0.00,0.00,0.00,0.07,0.08,0.15,0.07,0.15
Marc Casado,es ESP,MF,Barcelona,19,2003,2,0,15,0.2,0,0,0,0,0,0,0,0,0.0,0.0,0.0,0.0,1,1,0,0.00,0.00,0.00,0.00,0.00,0.00,0.00,0.00,0.00,0.00
Víctor Chust,es ESP,DF,Cádiz,23,2000,22,22,"1,864",20.7,0,1,1,0,0,0,3,2,0.3,0.3,0.3,0.6,10,80,2,0.00,0.05,0.05,0.00,0.05,0.02,0.01,0.03,0.02,0.03
Silvi Clúa,es ESP,MF,Girona,18,2005,1,0,1,0.0,0,0,0,0,0,0,0,0,0.0,0.0,0.0,0.0,0,0,0,0.00,0.00,0.00,0.00,0.00,0.00,0.00,0.00,0.00,0.00
Copete,es ESP,DF,Mallorca,23,1999,19,17,"1,333",14.8,1,1,2,1,0,0,7,0,0.5,0.5,0.8,1.3,3,52,2,0.07,0.07,0.14,0.07,0.14,0.04,0.05,0.09,0.04,0.09
Theo Corbeanu,ca CAN,"MF,FW",Granada,21,2002,9,2,182,2.0,1,0,1,1,0,0,2,0,0.3,0.3,0.0,0.3,5,5,13,0.49,0.00,0.49,0.49,0.49,0.14,0.00,0.14,0.14,0.14
Samu Costa,pt POR,MF,Mallorca,22,2000,34,26,"2,303",25.6,1,1,2,1,0,0,8,0,1.1,1.1,0.5,1.6,16,93,32,0.04,0.04,0.08,0.04,0.08,0.04,0.02,0.06,0.04,0.06
Yan Couto,br BRA,"DF,FW",Girona,21,2002,34,24,"2,245",24.9,1,8,9,1,0,0,8,0,1.5,1.5,4.2,5.7,151,97,240,0.04,0.32,0.36,0.04,0.36,0.06,0.17,0.23,0.06,0.23
Juan Cruz,es ESP,FW,Betis,23,2000,5,0,76,0.8,0,0,0,0,0,0,0,0,0.1,0.1,0.0,0.1,2,3,10,0.00,0.00,0.00,0.00,0.00,0.09,0.05,0.13,0.09,0.13
Pau Cubarsí,es ESP,DF,Barcelona,16,2007,19,18,"1,558",17.3,0,0,0,0,0,0,4,0,0.1,0.1,0.4,0.5,8,75,2,0.00,0.00,0.00,0.00,0.00,0.01,0.02,0.03,0.01,0.03
Jorge Cuenca,es ESP,DF,Villarreal,23,1999,29,21,"1,963",21.8,3,1,4,3,0,0,7,0,1.2,1.2,0.2,1.5,11,78,30,0.14,0.05,0.18,0.14,0.18,0.06,0.01,0.07,0.06,0.07
Alberto Dadie,es ESP,MF,Real Sociedad,21,2002,1,0,28,0.3,0,0,0,0,0,0,0,0,0.0,0.0,0.0,0.0,0,0,0,0.00,0.00,0.00,0.00,0.00,0.00,0.00,0.00,0.00,0.00
Moussa Diakité,ml MLI,MF,Cádiz,19,2003,1,0,1,0.0,0,0,0,0,0,0,0,0,0.0,0.0,0.0,0.0,0,0,0,0.00,0.00,0.00,0.00,0.00,0.00,0.00,0.00,0.00,0.00
Assane Diao,es ESP,FW,Betis,17,2005,18,13,"1,048",11.6,2,0,2,2,0,0,4,0,2.5,2.5,0.7,3.2,33,20,101,0.17,0.00,0.17,0.17,0.17,0.21,0.06,0.28,0.21,0.28
Brahim Díaz,ma MAR,"FW,MF",Real Madrid,23,1999,31,18,"1,545",17.2,8,6,14,8,0,0,0,0,5.7,5.7,4.4,10.1,76,75,166,0.47,0.35,0.82,0.47,0.82,0.33,0.26,0.59,0.33,0.59
Carlos Dominguez,es ESP,DF,Celta Vigo,22,2001,22,18,"1,584",17.6,0,0,0,0,0,0,2,0,0.3,0.3,0.1,0.4,11,63,3,0.00,0.00,0.00,0.00,0.00,0.02,0.01,0.02,0.02,0.02
Mario Dominguez,es ESP,FW,Valencia,19,2004,3,0,25,0.3,0,0,0,0,0,0,0,0,0.2,0.2,0.0,0.2,0,1,1,0.00,0.00,0.00,0.00,0.00,0.59,0.00,0.59,0.59,0.59
Carlos Dotor,es ESP,MF,Celta Vigo,22,2001,17,7,708,7.9,0,0,0,0,0,0,2,0,0.2,0.2,0.1,0.3,3,30,12,0.00,0.00,0.00,0.00,0.00,0.02,0.02,0.04,0.02,0.04
Anastasios Douvikas,gr GRE,FW,Celta Vigo,23,1999,32,7,905,10.1,7,1,8,7,0,0,2,0,4.6,4.6,1.3,5.9,10,13,53,0.70,0.10,0.80,0.70,0.80,0.46,0.13,0.59,0.46,0.59
Hugo Duro,es ESP,FW,Valencia,23,1999,37,35,"2,976",33.1,13,2,15,13,0,0,4,0,11.5,11.5,1.3,12.9,27,34,157,0.39,0.06,0.45,0.39,0.45,0.35,0.04,0.39,0.35,0.39
Karl Etta,cm CMR,FW,Cádiz,19,2003,1,0,21,0.2,0,0,0,0,0,0,0,0,0.0,0.0,0.0,0.0,0,0,1,0.00,0.00,0.00,0.00,0.00,0.00,0.00,0.00,0.00,0.00
Abde Ezzalzouli,ma MAR,"FW,MF",Barcelona,21,2001,2,0,68,0.8,0,0,0,0,0,0,0,0,0.2,0.2,0.1,0.3,7,1,12,0.00,0.00,0.00,0.00,0.00,0.28,0.09,0.37,0.28,0.37
Abde Ezzalzouli,ma MAR,FW,Betis,21,2001,26,6,865,9.6,1,0,1,1,0,1,1,0,3.0,2.2,0.3,2.5,57,25,89,0.10,0.00,0.10,0.10,0.10,0.31,0.03,0.34,0.23,0.26
Ansu Fati,es ESP,"MF,FW",Barcelona,20,2002,3,0,50,0.6,0,0,0,0,0,0,0,0,0.7,0.7,0.0,0.7,6,4,5,0.00,0.00,0.00,0.00,0.00,1.34,0.00,1.34,1.34,1.34
Peter Federico,do DOM,"MF,FW",Valencia,21,2002,15,5,649,7.2,0,0,0,0,0,0,1,0,1.7,1.7,1.0,2.7,19,16,48,0.00,0.00,0.00,0.00,0.00,0.24,0.14,0.38,0.24,0.38
João Félix,pt POR,FW,Barcelona,23,1999,30,18,"1,540",17.1,7,3,10,7,0,0,3,0,8.7,8.7,3.1,11.9,69,68,169,0.41,0.18,0.58,0.41,0.58,0.51,0.18,0.69,0.51,0.69
Valery Fernández,es ESP,"MF,FW",Girona,23,1999,27,2,506,5.6,2,0,2,2,0,0,1,0,0.7,0.7,0.8,1.5,20,12,54,0.36,0.00,0.36,0.36,0.36,0.12,0.14,0.26,0.12,0.26
Rachad Fettal,ma MAR,FW,Almería,18,2005,1,0,17,0.2,0,0,0,0,0,0,0,0,0.1,0.1,0.0,0.1,0,0,2,0.00,0.00,0.00,0.00,0.00,0.41,0.12,0.53,0.41,0.53
Héctor Fort,es ESP,DF,Barcelona,16,2006,7,4,318,3.5,0,2,2,0,0,0,0,0,0.0,0.0,0.8,0.8,3,7,38,0.00,0.57,0.57,0.00,0.57,0.00,0.23,0.23,0.00,0.23
Matteo Gabbia,it ITA,DF,Villarreal,23,1999,7,6,477,5.3,0,0,0,0,0,0,2,0,0.0,0.0,0.1,0.1,1,9,0,0.00,0.00,0.00,0.00,0.00,0.00,0.02,0.02,0.00,0.02
Eric García,es ESP,DF,Barcelona,22,2001,2,0,57,0.6,0,0,0,0,0,0,1,0,0.0,0.0,0.0,0.0,0,5,0,0.00,0.00,0.00,0.00,0.00,0.07,0.00,0.07,0.07,0.07
Eric García,es ESP,DF,Girona,22,2001,30,30,"2,637",29.3,5,0,5,5,0,0,4,0,2.8,2.8,0.5,3.4,45,221,18,0.17,0.00,0.17,0.17,0.17,0.10,0.02,0.12,0.10,0.12
Fran Garcia,es ESP,DF,Real Madrid,23,1999,25,15,"1,398",15.5,1,5,6,1,0,0,2,0,0.5,0.5,2.4,3.0,53,60,139,0.06,0.32,0.39,0.06,0.39,0.03,0.16,0.19,0.03,0.19
Gonzalo García,es ESP,"FW,MF",Real Madrid,19,2004,2,0,19,0.2,0,0,0,0,0,0,0,0,0.0,0.0,0.0,0.0,1,0,3,0.00,0.00,0.00,0.00,0.00,0.16,0.00,0.16,0.16,0.16
Jastin García,es ESP,FW,Girona,19,2004,3,0,32,0.4,0,0,0,0,0,0,0,0,0.0,0.0,0.0,0.0,2,2,8,0.00,0.00,0.00,0.00,0.00,0.00,0.00,0.00,0.00,0.00
Santiago García,es ESP,FW,Getafe,21,2001,1,0,25,0.3,0,0,0,0,0,0,0,0,0.0,0.0,0.0,0.0,1,2,1,0.00,0.00,0.00,0.00,0.00,0.00,0.00,0.00,0.00,0.00
Yarek Gasiorowski,es ESP,DF,Valencia,18,2005,14,7,735,8.2,0,0,0,0,0,0,1,0,0.0,0.0,0.0,0.0,4,15,10,0.00,0.00,0.00,0.00,0.00,0.00,0.00,0.00,0.00,0.00
Gavi,es ESP,"MF,FW",Barcelona,18,2004,12,10,944,10.5,1,1,2,1,0,0,5,0,0.9,0.9,1.1,2.0,26,39,38,0.10,0.10,0.19,0.10,0.19,0.09,0.10,0.19,0.09,0.19
Unai Gómez,es ESP,MF,Athletic Club,20,2003,25,9,875,9.7,2,0,2,2,0,0,1,0,1.5,1.5,0.7,2.1,20,28,48,0.21,0.00,0.21,0.21,0.21,0.15,0.07,0.22,0.15,0.22
Hugo González,es ESP,"MF,FW",Valencia,20,2003,9,0,87,1.0,0,1,1,0,0,0,0,0,0.0,0.0,0.5,0.5,2,2,7,0.00,1.03,1.03,0.00,1.03,0.02,0.53,0.55,0.02,0.55
Iñaki González,es ESP,MF,Las Palmas,19,2004,1,0,5,0.1,0,0,0,0,0,0,0,0,0.0,0.0,0.0,0.0,0,0,0,0.00,0.00,0.00,0.00,0.00,0.00,0.00,0.00,0.00,0.00
Urko González,es ESP,MF,Real Sociedad,22,2001,5,2,156,1.7,0,0,0,0,0,0,1,0,0.1,0.1,0.0,0.1,1,6,1,0.00,0.00,0.00,0.00,0.00,0.04,0.00,0.04,0.04,0.04
Pablo Gozalbez,es ESP,"MF,FW",Valencia,22,2001,5,1,103,1.1,0,0,0,0,0,0,0,0,0.0,0.0,0.0,0.0,0,0,5,0.00,0.00,0.00,0.00,0.00,0.01,0.00,0.01,0.01,0.01
Mason Greenwood,eng ENG,"MF,FW",Getafe,21,2001,33,30,"2,662",29.6,8,6,14,6,2,3,6,1,8.8,6.4,4.6,11.0,127,89,239,0.27,0.20,0.47,0.20,0.41,0.30,0.15,0.45,0.22,0.37
Javier Guerra,es ESP,MF,Valencia,20,2003,36,28,"2,498",27.8,4,1,5,4,0,0,3,1,2.7,2.7,0.9,3.6,47,81,68,0.14,0.04,0.18,0.14,0.18,0.10,0.03,0.13,0.10,0.13
Hugo Guillamón,es ESP,MF,Valencia,23,2000,26,12,"1,315",14.6,1,0,1,1,0,0,7,0,0.2,0.2,0.4,0.6,6,65,10,0.07,0.00,0.07,0.07,0.07,0.01,0.03,0.04,0.01,0.04
Marc Guiu,es ESP,"FW,MF",Barcelona,17,2006,3,1,74,0.8,1,0,1,1,0,0,1,0,0.8,0.8,0.3,1.0,1,1,8,1.22,0.00,1.22,1.22,1.22,0.92,0.32,1.24,0.92,1.24
Arda Güler,tr TUR,"FW,MF",Real Madrid,18,2005,10,4,377,4.2,6,0,6,6,0,0,1,0,1.4,1.4,0.1,1.6,16,17,25,1.43,0.00,1.43,1.43,1.43,0.34,0.03,0.37,0.34,0.37
Miguel Gutiérrez,es ESP,DF,Girona,22,2001,35,35,"3,032",33.7,2,7,9,2,0,0,4,0,2.8,2.8,7.5,10.2,74,146,184,0.06,0.21,0.27,0.06,0.27,0.08,0.22,0.30,0.08,0.30
Luiz Henrique,br BRA,FW,Betis,22,2001,14,6,616,6.8,0,3,3,0,0,0,1,0,1.2,1.2,1.6,2.9,35,17,58,0.00,0.44,0.44,0.00,0.44,0.18,0.24,0.42,0.18,0.42
Jorge Herrando,es ESP,DF,Osasuna,22,2001,19,18,"1,644",18.3,0,1,1,0,0,0,4,0,0.4,0.4,0.2,0.6,3,35,1,0.00,0.05,0.05,0.00,0.05,0.02,0.01,0.03,0.02,0.03
Juan Herzog,es ESP,DF,Las Palmas,20,2003,4,3,292,3.2,2,0,2,2,0,0,1,0,0.7,0.7,0.0,0.7,0,3,0,0.62,0.00,0.62,0.62,0.62,0.21,0.00,0.21,0.21,0.21
Xabier Huarte Armendáriz,es ESP,MF,Osasuna,22,2001,1,0,9,0.1,0,0,0,0,0,0,0,0,0.0,0.0,0.0,0.0,0,1,0,0.00,0.00,0.00,0.00,0.00,0.00,0.00,0.00,0.00,0.00
Imanol,es ESP,DF,Athletic Club,23,2000,9,5,525,5.8,0,0,0,0,0,0,2,0,0.0,0.0,0.2,0.2,13,21,15,0.00,0.00,0.00,0.00,0.00,0.00,0.03,0.04,0.00,0.04
Diego Iturralde,es ESP,DF,Sevilla,20,2003,1,0,37,0.4,0,0,0,0,0,0,0,0,0.0,0.0,0.0,0.0,1,1,0,0.00,0.00,0.00,0.00,0.00,0.00,0.00,0.00,0.00,0.00
Mikel Jauregizar,es ESP,MF,Athletic Club,19,2003,7,1,151,1.7,0,0,0,0,0,0,0,0,0.0,0.0,0.1,0.2,2,5,3,0.00,0.00,0.00,0.00,0.00,0.02,0.08,0.10,0.02,0.10
Salim El Jebari,ma MAR,MF,Atlético Madrid,19,2004,1,0,13,0.1,0,0,0,0,0,0,0,0,0.0,0.0,0.0,0.0,1,0,1,0.00,0.00,0.00,0.00,0.00,0.00,0.00,0.00,0.00,0.00
Jordi,es ESP,"MF,DF",Getafe,22,2001,13,5,573,6.4,0,0,0,0,0,0,1,0,1.3,1.3,0.6,1.8,6,14,28,0.00,0.00,0.00,0.00,0.00,0.20,0.09,0.28,0.20,0.28
Jeremy Jorge,es ESP,FW,Getafe,20,2003,1,0,2,0.0,0,0,0,0,0,0,0,0,0.0,0.0,0.0,0.0,0,0,0,0.00,0.00,0.00,0.00,0.00,0.00,0.00,0.00,0.00,0.00
Vinicius Júnior,br BRA,FW,Real Madrid,23,2000,26,22,"1,864",20.7,15,5,20,14,1,1,7,0,13.1,12.3,4.2,16.6,137,57,277,0.72,0.24,0.97,0.68,0.92,0.63,0.21,0.84,0.59,0.80
Filip Jørgensen,dk DEN,GK,Villarreal,21,2002,36,36,"3,240",36.0,0,0,0,0,0,0,4,0,0.0,0.0,0.0,0.0,0,0,0,0.00,0.00,0.00,0.00,0.00,0.00,0.00,0.00,0.00,0.00
Kaiky,br BRA,DF,Almería,19,2004,8,5,523,5.8,1,0,1,1,0,0,2,0,0.2,0.2,0.0,0.3,4,24,1,0.17,0.00,0.17,0.17,0.17,0.04,0.00,0.04,0.04,0.04
Jon Karrikaburu,es ESP,"MF,FW",Alavés,20,2002,2,0,16,0.2,0,0,0,0,0,0,0,0,0.0,0.0,0.0,0.0,0,0,1,0.00,0.00,0.00,0.00,0.00,0.00,0.00,0.00,0.00,0.00
Ibrahima Kebe,ml MLI,MF,Girona,22,2000,2,0,9,0.1,0,0,0,0,0,0,1,0,0.0,0.0,0.0,0.0,0,0,1,0.00,0.00,0.00,0.00,0.00,0.00,0.00,0.00,0.00,0.00
Takefusa Kubo,jp JPN,"FW,MF",Real Sociedad,22,2001,30,24,"2,150",23.9,7,4,11,7,0,0,1,0,3.5,3.5,6.4,9.9,136,89,231,0.29,0.17,0.46,0.29,0.46,0.15,0.27,0.42,0.15,0.42
Yoel Lago,es ESP,DF,Celta Vigo,19,2004,1,1,90,1.0,0,0,0,0,0,0,0,0,0.0,0.0,0.0,0.0,0,2,0,0.00,0.00,0.00,0.00,0.00,0.00,0.00,0.00,0.00,0.00
Juanmi Latasa,es ESP,FW,Getafe,22,2001,32,15,"1,555",17.3,2,0,2,2,0,0,7,1,3.6,3.5,1.5,5.0,7,16,82,0.12,0.00,0.12,0.12,0.12,0.21,0.09,0.29,0.20,0.29
Lázaro,br BRA,"FW,MF",Almería,21,2002,14,2,285,3.2,0,0,0,0,0,0,0,0,0.9,0.9,0.5,1.4,5,6,34,0.00,0.00,0.00,0.00,0.00,0.28,0.17,0.45,0.28,0.45
Stefan Lekovic,rs SRB,DF,Villarreal,19,2004,1,0,29,0.3,0,0,0,0,0,0,0,0,0.0,0.0,0.0,0.0,0,0,0,0.00,0.00,0.00,0.00,0.00,0.00,0.00,0.00,0.00,0.00
Ruben Lendinez,es ESP,DF,Valencia,20,2003,1,0,11,0.1,0,0,0,0,0,0,0,0,0.0,0.0,0.0,0.0,0,0,3,0.00,0.00,0.00,0.00,0.00,0.00,0.00,0.00,0.00,0.00
Samuel Lino,br BRA,"DF,MF",Atlético Madrid,23,1999,34,25,"2,080",23.1,4,5,9,4,0,0,1,0,5.6,5.6,4.7,10.3,131,84,215,0.17,0.22,0.39,0.17,0.39,0.24,0.21,0.45,0.24,0.45
Javier Llabrés,es ESP,"MF,FW",Mallorca,20,2002,16,1,247,2.7,1,0,1,1,0,0,1,0,0.7,0.7,0.3,1.0,9,5,30,0.36,0.00,0.36,0.36,0.36,0.25,0.11,0.37,0.25,0.37
Enzo Loiodice,fr FRA,MF,Las Palmas,22,2000,34,19,"1,790",19.9,0,1,1,0,0,0,2,0,0.5,0.5,1.3,1.9,27,97,72,0.00,0.05,0.05,0.00,0.05,0.03,0.07,0.09,0.03,0.09
Diego López,es ESP,"MF,FW",Valencia,21,2002,36,30,"2,656",29.5,3,6,9,3,0,0,2,0,3.7,3.7,5.4,9.1,75,73,180,0.10,0.20,0.30,0.10,0.30,0.12,0.18,0.31,0.12,0.31
Fermin López,es ESP,"MF,FW",Barcelona,20,2003,31,14,"1,446",16.1,8,0,8,8,0,0,2,0,7.5,7.5,1.1,8.6,42,76,93,0.50,0.00,0.50,0.50,0.50,0.47,0.07,0.54,0.47,0.54
Javi López,es ESP,DF,Alavés,21,2002,32,25,"2,386",26.5,1,3,4,1,0,0,3,0,0.9,0.9,3.0,4.0,53,92,120,0.04,0.11,0.15,0.04,0.15,0.04,0.11,0.15,0.04,0.15
Dion Lopy,sn SEN,MF,Almería,21,2002,30,23,"1,916",21.3,0,0,0,0,0,0,5,0,1.3,1.3,1.2,2.4,23,90,19,0.00,0.00,0.00,0.00,0.00,0.06,0.05,0.11,0.06,0.11
Lucas,br BRA,DF,Cádiz,22,2001,28,15,"1,539",17.1,1,0,1,1,0,0,6,0,0.8,0.8,1.9,2.7,30,47,65,0.06,0.00,0.06,0.06,0.06,0.05,0.11,0.16,0.05,0.16
Jon Magunazelaia,es ESP,"FW,MF",Real Sociedad,23,2000,5,1,121,1.3,0,0,0,0,0,0,0,0,0.3,0.3,0.5,0.7,2,2,10,0.00,0.00,0.00,0.00,0.00,0.21,0.34,0.55,0.21,0.55
Giorgi Mamardashvili,ge GEO,GK,Valencia,22,2000,37,37,"3,284",36.5,0,0,0,0,0,0,3,1,0.0,0.0,0.4,0.4,0,0,0,0.00,0.00,0.00,0.00,0.00,0.00,0.01,0.01,0.00,0.01
Alberto Marí,es ESP,FW,Valencia,22,2001,16,2,276,3.1,1,1,2,0,1,1,0,0,1.8,1.2,0.9,2.0,2,6,13,0.33,0.33,0.65,0.00,0.33,0.60,0.28,0.88,0.39,0.67
Rafa Marín,es ESP,DF,Alavés,21,2002,33,27,"2,443",27.1,0,0,0,0,0,0,6,0,0.7,0.7,0.3,1.0,13,77,6,0.00,0.00,0.00,0.00,0.00,0.03,0.01,0.04,0.03,0.04
Mika Màrmol,es ESP,DF,Las Palmas,21,2002,36,36,"3,178",35.3,0,1,1,0,0,0,6,1,0.2,0.2,1.0,1.1,36,142,13,0.00,0.03,0.03,0.00,0.03,0.00,0.03,0.03,0.00,0.03
Unai Marrero,es ESP,GK,Real Sociedad,21,2001,2,1,142,1.6,0,0,0,0,0,0,0,0,0.0,0.0,0.0,0.0,0,0,0,0.00,0.00,0.00,0.00,0.00,0.00,0.00,0.00,0.00,0.00
Jon Martin,es ESP,DF,Real Sociedad,17,2006,1,0,24,0.3,0,0,0,0,0,0,0,0,0.0,0.0,0.0,0.0,0,0,0,0.00,0.00,0.00,0.00,0.00,0.00,0.00,0.00,0.00,0.00
Mario Martín,es ESP,MF,Real Madrid,19,2004,2,0,18,0.2,0,0,0,0,0,0,0,0,0.0,0.0,0.0,0.0,0,0,1,0.00,0.00,0.00,0.00,0.00,0.00,0.00,0.00,0.00,0.00
Arnau Martinez,es ESP,DF,Girona,20,2003,21,14,"1,241",13.8,0,2,2,0,0,0,5,0,0.2,0.2,1.4,1.6,29,68,16,0.00,0.15,0.15,0.00,0.15,0.01,0.10,0.12,0.01,0.12
Marvin,es ESP,"FW,DF",Las Palmas,23,2000,31,17,"1,855",20.6,0,2,2,0,0,0,5,0,0.9,0.9,2.5,3.5,60,36,177,0.00,0.10,0.10,0.00,0.10,0.05,0.12,0.17,0.05,0.17
Hannibal Mejbri,tn TUN,MF,Sevilla,20,2003,6,1,104,1.2,0,0,0,0,0,0,2,0,0.0,0.0,0.5,0.5,1,5,6,0.00,0.00,0.00,0.00,0.00,0.01,0.39,0.40,0.01,0.40
Tomás Mendes,es ESP,MF,Alavés,18,2004,1,0,6,0.1,0,0,0,0,0,0,0,0,0.0,0.0,0.0,0.0,0,0,0,0.00,0.00,0.00,0.00,0.00,0.00,0.00,0.00,0.00,0.00
Bruno Méndez,uy URU,DF,Granada,23,1999,17,15,"1,333",14.8,2,0,2,2,0,0,4,0,0.6,0.6,0.1,0.7,8,47,14,0.14,0.00,0.14,0.14,0.14,0.04,0.01,0.05,0.04,0.05
Diego Méndez,es ESP,MF,Rayo Vallecano,19,2003,1,0,5,0.1,0,0,0,0,0,0,0,0,0.0,0.0,0.0,0.0,1,1,0,0.00,0.00,0.00,0.00,0.00,0.00,0.00,0.00,0.00,0.00
Miguel,es ESP,"FW,MF",Alavés,23,1999,3,1,65,0.7,0,0,0,0,0,0,0,0,0.1,0.1,0.0,0.1,1,0,3,0.00,0.00,0.00,0.00,0.00,0.13,0.00,0.13,0.13,0.13
Marko Milovanović,rs SRB,"FW,MF",Almería,19,2003,11,2,308,3.4,1,0,1,1,0,0,0,0,1.5,1.5,0.1,1.6,2,3,13,0.29,0.00,0.29,0.29,0.29,0.45,0.03,0.47,0.45,0.47
Juan Miranda,es ESP,DF,Betis,23,2000,25,21,"1,858",20.6,1,1,2,1,0,0,8,0,1.6,1.6,1.9,3.6,35,103,95,0.05,0.05,0.10,0.05,0.10,0.08,0.09,0.17,0.08,0.17
Alberto Moleiro,es ESP,"FW,MF",Las Palmas,19,2003,28,21,"1,803",20.0,3,3,6,3,0,0,1,0,2.0,2.0,2.7,4.6,86,87,184,0.15,0.15,0.30,0.15,0.30,0.10,0.13,0.23,0.10,0.23
Jorge Moreno,es ESP,DF,Osasuna,22,2001,1,0,15,0.2,0,0,0,0,0,0,0,0,0.0,0.0,0.0,0.0,0,0,0,0.00,0.00,0.00,0.00,0.00,0.00,0.00,0.00,0.00,0.00
Ilaix Moriba,gn GUI,"MF,FW",Getafe,20,2003,14,8,605,6.7,0,2,2,0,0,0,5,1,0.3,0.3,0.6,0.9,8,21,19,0.00,0.30,0.30,0.00,0.30,0.05,0.09,0.14,0.05,0.14
Cristhian Mosquera,es ESP,DF,Valencia,19,2004,36,33,"3,075",34.2,0,0,0,0,0,0,2,0,0.7,0.7,0.0,0.7,14,77,4,0.00,0.00,0.00,0.00,0.00,0.02,0.00,0.02,0.02,0.02
Yerson Mosquera,co COL,DF,Villarreal,22,2001,16,14,"1,229",13.7,2,1,3,2,0,0,4,0,1.6,1.6,0.3,1.9,8,36,12,0.15,0.07,0.22,0.15,0.22,0.11,0.02,0.14,0.11,0.14
Iker Muñoz,es ESP,MF,Osasuna,20,2002,28,20,"1,854",20.6,4,0,4,4,0,0,5,0,1.1,1.1,0.2,1.2,17,80,23,0.19,0.00,0.19,0.19,0.19,0.05,0.01,0.06,0.05,0.06
Roberto Navarro,es ESP,"MF,FW",Cádiz,21,2002,28,24,"1,888",21.0,1,1,2,1,0,0,0,1,2.1,2.1,3.1,5.3,81,70,119,0.05,0.05,0.10,0.05,0.10,0.10,0.15,0.25,0.10,0.25
Tanguy Nianzou,fr FRA,DF,Sevilla,21,2002,8,3,318,3.5,0,0,0,0,0,0,3,0,0.0,0.0,0.0,0.0,2,14,1,0.00,0.00,0.00,0.00,0.00,0.01,0.00,0.01,0.01,0.01
Aingeru Olabarrieta,es ESP,FW,Athletic Club,17,2005,1,0,9,0.1,0,0,0,0,0,0,0,0,0.0,0.0,0.0,0.0,1,0,0,0.00,0.00,0.00,0.00,0.00,0.12,0.00,0.12,0.12,0.12
Olasagasti,es ESP,MF,Real Sociedad,22,2000,14,2,360,4.0,0,0,0,0,0,0,3,0,0.9,0.9,0.3,1.2,8,13,12,0.00,0.00,0.00,0.00,0.00,0.21,0.09,0.30,0.21,0.30
Samu Omorodion,es ESP,FW,Alavés,19,2004,34,21,"1,918",21.3,8,1,9,8,0,0,6,0,10.8,10.8,1.3,12.0,30,18,100,0.38,0.05,0.42,0.38,0.42,0.51,0.06,0.56,0.51,0.56
Samu Omorodion,es ESP,FW,Granada,19,2004,1,1,80,0.9,1,0,1,1,0,0,0,0,0.7,0.7,0.0,0.7,0,0,3,1.13,0.00,1.13,1.13,1.13,0.78,0.05,0.84,0.78,0.84
Aimar Oroz,es ESP,MF,Osasuna,21,2001,33,26,"2,339",26.0,2,1,3,1,1,1,3,0,3.5,2.8,1.6,4.4,52,103,126,0.08,0.04,0.12,0.04,0.08,0.14,0.06,0.20,0.11,0.17
Eneko Ortiz,es ESP,DF,Alavés,20,2003,1,0,14,0.2,0,0,0,0,0,0,0,0,0.0,0.0,0.0,0.0,1,1,1,0.00,0.00,0.00,0.00,0.00,0.00,0.00,0.00,0.00,0.00
Asier Osambela,es ESP,MF,Osasuna,19,2004,1,0,9,0.1,0,0,0,0,0,0,0,0,0.0,0.0,0.0,0.0,0,0,1,0.00,0.00,0.00,0.00,0.00,0.00,0.00,0.00,0.00,0.00
Aiham Ousou,sy SYR,DF,Cádiz,23,2000,6,5,430,4.8,0,0,0,0,0,0,0,0,0.2,0.2,0.0,0.2,2,7,0,0.00,0.00,0.00,0.00,0.00,0.04,0.00,0.04,0.04,0.04
Jesús Owono,gq EQG,GK,Alavés,22,2001,4,4,360,4.0,0,0,0,0,0,0,1,0,0.0,0.0,0.0,0.0,0,0,0,0.00,0.00,0.00,0.00,0.00,0.00,0.00,0.00,0.00,0.00
Cenk Özkacar,tr TUR,DF,Valencia,22,2000,23,18,"1,598",17.8,0,0,0,0,0,0,3,0,0.3,0.3,0.1,0.3,17,56,5,0.00,0.00,0.00,0.00,0.00,0.01,0.00,0.02,0.01,0.02
Jon Pacheco,es ESP,DF,Real Sociedad,22,2001,23,16,"1,526",17.0,1,1,2,1,0,0,8,0,1.1,1.1,0.2,1.3,9,53,1,0.06,0.06,0.12,0.06,0.12,0.06,0.01,0.08,0.06,0.08
Joaquín Panichelli,ar ARG,"FW,MF",Alavés,20,2002,8,2,226,2.5,0,0,0,0,0,0,0,0,0.6,0.6,0.1,0.7,3,6,10,0.00,0.00,0.00,0.00,0.00,0.22,0.04,0.26,0.22,0.26
Victor Parada,es ESP,"FW,MF",Alavés,21,2002,2,0,3,0.0,0,0,0,0,0,0,0,0,0.0,0.0,0.0,0.0,0,0,0,0.00,0.00,0.00,0.00,0.00,0.00,0.00,0.00,0.00,0.00
Aitor Paredes,es ESP,DF,Athletic Club,23,2000,34,31,"2,704",30.0,1,0,1,1,0,0,9,1,1.2,1.2,0.2,1.4,6,107,1,0.03,0.00,0.03,0.03,0.03,0.04,0.01,0.05,0.04,0.05
Pascu,es ESP,FW,Villarreal,20,2003,1,0,14,0.2,0,0,0,0,0,0,0,0,0.0,0.0,0.0,0.0,0,2,1,0.00,0.00,0.00,0.00,0.00,0.00,0.00,0.00,0.00,0.00
Nicolás Paz,ar ARG,"MF,FW",Real Madrid,18,2004,4,0,23,0.3,0,0,0,0,0,0,0,0,0.1,0.1,0.0,0.1,3,6,2,0.00,0.00,0.00,0.00,0.00,0.31,0.00,0.31,0.31,0.31
Pedri,es ESP,"MF,FW",Barcelona,20,2002,24,16,"1,476",16.4,4,2,6,4,0,0,3,0,3.1,3.1,4.2,7.3,41,136,81,0.24,0.12,0.37,0.24,0.37,0.19,0.25,0.44,0.19,0.44
Facundo Pellistri,uy URU,"MF,FW",Granada,21,2001,15,14,"1,232",13.7,2,1,3,2,0,0,2,1,2.5,2.5,1.2,3.7,33,22,96,0.15,0.07,0.22,0.15,0.22,0.18,0.09,0.27,0.18,0.27
Marcos Peña,es ESP,MF,Almería,18,2005,7,4,441,4.9,0,0,0,0,0,0,3,0,0.2,0.2,0.0,0.2,0,10,0,0.00,0.00,0.00,0.00,0.00,0.04,0.01,0.04,0.04,0.04
Francisco Perez,es ESP,"MF,FW",Valencia,20,2002,32,27,"2,049",22.8,1,4,5,1,0,0,4,0,1.1,1.1,2.6,3.6,59,41,145,0.04,0.18,0.22,0.04,0.22,0.05,0.11,0.16,0.05,0.16
Máximo Perrone,ar ARG,MF,Las Palmas,20,2003,29,20,"1,623",18.0,0,0,0,0,0,0,6,0,0.2,0.2,0.5,0.8,12,78,22,0.00,0.00,0.00,0.00,0.00,0.01,0.03,0.04,0.01,0.04
Kamil Piątkowski,pl POL,DF,Granada,23,2000,9,6,505,5.6,0,0,0,0,0,0,1,1,0.8,0.8,0.1,0.9,2,10,0,0.00,0.00,0.00,0.00,0.00,0.14,0.02,0.17,0.14,0.17
Yeremi Pino,es ESP,"MF,FW",Villarreal,20,2002,7,7,475,5.3,0,0,0,0,0,0,4,0,1.4,1.4,0.2,1.7,11,10,49,0.00,0.00,0.00,0.00,0.00,0.27,0.05,0.31,0.27,0.31
Beñat Prados,es ESP,"MF,DF",Athletic Club,22,2001,26,16,"1,449",16.1,0,0,0,0,0,0,1,0,0.5,0.5,0.5,1.0,23,87,30,0.00,0.00,0.00,0.00,0.00,0.03,0.03,0.06,0.03,0.06
Marc Pubill,es ESP,DF,Almería,20,2003,23,22,"1,883",20.9,1,3,4,1,0,0,2,0,0.7,0.7,1.5,2.2,59,36,85,0.05,0.14,0.19,0.05,0.19,0.03,0.07,0.10,0.03,0.10
Arnau Puigmal,es ESP,"FW,DF",Almería,22,2001,11,3,255,2.8,0,0,0,0,0,0,3,0,0.0,0.0,0.3,0.3,4,8,17,0.00,0.00,0.00,0.00,0.00,0.00,0.10,0.10,0.00,0.10
Abdellah Raihani,ma MAR,FW,Atlético Madrid,19,2004,1,0,10,0.1,0,0,0,0,0,0,0,0,0.0,0.0,0.0,0.0,0,0,1,0.00,0.00,0.00,0.00,0.00,0.00,0.00,0.00,0.00,0.00
Largie Ramazani,be BEL,"FW,MF",Almería,22,2001,29,16,"1,555",17.3,3,5,8,3,0,0,11,2,4.7,4.7,5.7,10.5,59,42,104,0.17,0.29,0.46,0.17,0.46,0.27,0.33,0.60,0.27,0.60
Raúl,es ESP,FW,Osasuna,22,2000,35,13,"1,355",15.1,6,1,7,6,0,0,4,0,4.9,4.9,0.6,5.5,16,22,68,0.40,0.07,0.46,0.40,0.46,0.32,0.04,0.37,0.32,0.37
Chadi Riad,ma MAR,DF,Betis,20,2003,26,24,"2,164",24.0,0,0,0,0,0,0,1,0,0.7,0.7,0.2,0.9,4,34,1,0.00,0.00,0.00,0.00,0.00,0.03,0.01,0.04,0.03,0.04
Rodrigo Riquelme,es ESP,"DF,MF",Atlético Madrid,23,2000,34,17,"1,528",17.0,3,5,8,3,0,0,1,0,2.7,2.7,3.1,5.9,87,53,166,0.18,0.29,0.47,0.18,0.47,0.16,0.18,0.35,0.16,0.35
Alberto Risco,es ESP,MF,Getafe,17,2005,4,1,137,1.5,0,0,0,0,0,0,0,0,0.1,0.1,0.3,0.4,3,6,14,0.00,0.00,0.00,0.00,0.00,0.05,0.21,0.26,0.05,0.26
Gorka Rivera Alonso,es ESP,DF,Getafe,18,2004,1,0,3,0.0,0,0,0,0,0,0,0,0,0.0,0.0,0.0,0.0,0,0,0,0.00,0.00,0.00,0.00,0.00,0.00,0.00,0.00,0.00,0.00
Sergio Rodelas,es ESP,"FW,DF",Granada,18,2004,3,2,122,1.4,0,1,1,0,0,0,0,0,0.0,0.0,1.1,1.2,3,1,5,0.00,0.74,0.74,0.00,0.74,0.02,0.84,0.86,0.02,0.86
Rodri,es ESP,"FW,MF",Betis,23,2000,29,9,"1,051",11.7,0,0,0,0,0,0,0,0,1.1,1.1,1.2,2.2,49,65,116,0.00,0.00,0.00,0.00,0.00,0.09,0.10,0.19,0.09,0.19
Álvaro Rodríguez,uy URU,FW,Real Madrid,19,2004,1,0,1,0.0,0,0,0,0,0,0,0,0,0.0,0.0,0.0,0.0,0,0,0,0.00,0.00,0.00,0.00,0.00,0.00,0.00,0.00,0.00,0.00
Damián Rodríguez,es ESP,MF,Celta Vigo,20,2003,5,3,258,2.9,0,2,2,0,0,0,1,0,0.0,0.0,0.8,0.8,2,9,4,0.00,0.70,0.70,0.00,0.70,0.01,0.27,0.28,0.01,0.28
Miguel Rodríguez,es ESP,MF,Celta Vigo,20,2003,15,2,300,3.3,0,0,0,0,0,0,2,0,0.2,0.2,0.2,0.4,14,8,35,0.00,0.00,0.00,0.00,0.00,0.07,0.05,0.11,0.07,0.11
Rodrygo,br BRA,FW,Real Madrid,22,2001,34,28,"2,380",26.4,10,5,15,10,0,1,2,0,11.7,10.9,4.0,14.9,159,90,301,0.38,0.19,0.57,0.38,0.57,0.44,0.15,0.59,0.41,0.56
Carlos Romero,es ESP,DF,Villarreal,21,2001,7,2,262,2.9,0,0,0,0,0,0,1,0,0.4,0.4,0.0,0.4,6,6,21,0.00,0.00,0.00,0.00,0.00,0.14,0.00,0.14,0.14,0.14
Isaac Romero,es ESP,FW,Sevilla,23,2000,14,14,"1,039",11.5,4,4,8,4,0,0,2,0,7.3,7.3,1.7,9.0,31,16,64,0.35,0.35,0.69,0.35,0.69,0.63,0.15,0.78,0.63,0.78
Luka Romero,ar ARG,FW,Almería,18,2004,13,5,438,4.9,3,0,3,3,0,0,2,0,1.3,1.3,0.1,1.4,11,14,20,0.62,0.00,0.62,0.62,0.62,0.26,0.02,0.28,0.26,0.28
Unai Ropero,es ESP,MF,Alavés,21,2001,1,0,5,0.1,0,0,0,0,0,0,0,0,0.0,0.0,0.0,0.0,0,0,0,0.00,0.00,0.00,0.00,0.00,0.00,0.00,0.00,0.00,0.00
Vitor Roque,br BRA,FW,Barcelona,18,2005,14,2,328,3.6,2,0,2,2,0,0,4,1,2.5,2.5,0.0,2.6,12,2,26,0.55,0.00,0.55,0.55,0.55,0.70,0.01,0.71,0.70,0.71
Javier Rueda Garcia,es ESP,"MF,DF",Celta Vigo,21,2002,1,0,20,0.2,0,0,0,0,0,0,0,0,0.0,0.0,0.0,0.0,0,1,2,0.00,0.00,0.00,0.00,0.00,0.00,0.00,0.00,0.00,0.00
Pablo Saenz,es ESP,MF,Granada,22,2001,1,0,19,0.2,0,0,0,0,0,0,0,0,0.0,0.0,0.0,0.0,0,2,0,0.00,0.00,0.00,0.00,0.00,0.00,0.00,0.00,0.00,0.00
Kike Salas,es ESP,DF,Sevilla,21,2002,23,19,"1,605",17.8,3,0,3,3,0,0,10,0,0.8,0.8,0.5,1.4,11,61,16,0.17,0.00,0.17,0.17,0.17,0.05,0.03,0.08,0.05,0.08
Oihan Sancet,es ESP,MF,Athletic Club,23,2000,30,25,"1,975",21.9,4,5,9,4,0,1,5,2,6.3,5.5,4.7,10.2,76,121,157,0.18,0.23,0.41,0.18,0.41,0.29,0.21,0.50,0.25,0.47
Ricard Sánchez,es ESP,DF,Granada,23,2000,33,25,"2,295",25.5,3,0,3,3,0,0,8,0,1.0,1.0,1.9,2.9,49,84,103,0.12,0.00,0.12,0.12,0.12,0.04,0.08,0.11,0.04,0.11
Juanlu Sánchez,es ESP,DF,Sevilla,19,2003,26,11,"1,181",13.1,0,2,2,0,0,0,2,0,0.9,0.9,1.1,2.0,42,50,112,0.00,0.15,0.15,0.00,0.15,0.07,0.09,0.15,0.07,0.15
Manu Sánchez,es ESP,"DF,MF",Celta Vigo,22,2000,26,20,"1,775",19.7,0,5,5,0,0,0,3,0,0.5,0.5,2.7,3.2,41,74,67,0.00,0.25,0.25,0.00,0.25,0.02,0.14,0.16,0.02,0.16
Jesús Santiago,es ESP,MF,Getafe,19,2004,14,8,656,7.3,1,0,1,1,0,0,4,0,0.6,0.6,0.4,1.0,5,15,12,0.14,0.00,0.14,0.14,0.14,0.08,0.05,0.14,0.08,0.14
Paco Sanz,es ESP,DF,Almería,18,2004,1,0,24,0.3,0,0,0,0,0,0,0,0,0.0,0.0,0.0,0.0,0,0,0,0.00,0.00,0.00,0.00,0.00,0.00,0.00,0.00,0.00,0.00
Sávio,br BRA,"FW,MF",Girona,19,2004,37,35,"2,976",33.1,9,10,19,9,0,0,5,0,6.1,6.1,7.9,14.0,181,93,372,0.27,0.30,0.57,0.27,0.57,0.18,0.24,0.42,0.18,0.42
Giuliano Simeone,ar ARG,FW,Alavés,20,2002,14,6,630,7.0,1,2,3,1,0,1,1,0,2.4,1.6,2.0,3.6,25,24,47,0.14,0.29,0.43,0.14,0.43,0.34,0.29,0.63,0.23,0.52
Jhon Solis,co COL,MF,Girona,18,2004,18,2,384,4.3,0,0,0,0,0,0,0,0,1.0,1.0,0.3,1.4,9,22,13,0.00,0.00,0.00,0.00,0.00,0.24,0.07,0.32,0.24,0.32
Hugo Sotelo,es ESP,MF,Celta Vigo,19,2003,17,8,721,8.0,0,1,1,0,0,0,1,0,0.3,0.3,1.6,1.9,16,55,13,0.00,0.12,0.12,0.00,0.12,0.04,0.19,0.24,0.04,0.24
Jørgen Strand Larsen,no NOR,FW,Celta Vigo,23,2000,37,36,"2,863",31.8,13,3,16,13,0,0,5,0,14.5,14.5,2.5,17.0,33,25,183,0.41,0.09,0.50,0.41,0.50,0.46,0.08,0.54,0.46,0.54
Williot Swedberg,se SWE,"FW,MF",Celta Vigo,19,2004,15,4,439,4.9,5,0,5,5,0,0,1,0,2.3,2.3,0.2,2.5,7,6,26,1.03,0.00,1.03,1.03,1.03,0.47,0.04,0.51,0.47,0.51
Yassin Tallal,es ESP,FW,Getafe,18,2005,1,0,3,0.0,0,0,0,0,0,0,0,0,0.0,0.0,0.0,0.0,1,0,1,0.00,0.00,0.00,0.00,0.00,0.00,0.00,0.00,0.00,0.00
César Tárrega,es ESP,DF,Valencia,21,2002,1,0,8,0.1,0,0,0,0,0,0,0,0,0.0,0.0,0.0,0.0,0,0,0,0.00,0.00,0.00,0.00,0.00,0.00,0.00,0.00,0.00,0.00
Marciano Tchami,gw GNB,"FW,MF",Almería,19,2004,6,0,43,0.5,0,0,0,0,0,0,0,0,0.0,0.0,0.0,0.1,1,1,3,0.00,0.00,0.00,0.00,0.00,0.06,0.10,0.17,0.06,0.17
Aurélien Tchouaméni,fr FRA,"MF,DF",Real Madrid,23,2000,27,22,"1,987",22.1,3,1,4,3,0,0,7,0,1.3,1.3,0.9,2.1,28,111,15,0.14,0.05,0.18,0.14,0.18,0.06,0.04,0.10,0.06,0.10
Ramón Terrats,es ESP,"MF,DF",Villarreal,22,2000,19,6,785,8.7,0,2,2,0,0,0,4,0,0.4,0.4,1.6,1.9,19,38,54,0.00,0.23,0.23,0.00,0.23,0.04,0.18,0.22,0.04,0.22
Pablo Torre,es ESP,"MF,FW",Girona,20,2003,26,4,701,7.8,0,2,2,0,0,0,1,0,0.8,0.8,0.9,1.6,25,65,40,0.00,0.26,0.26,0.00,0.26,0.10,0.11,0.21,0.10,0.21
Raúl Torrente,es ESP,DF,Granada,21,2001,17,14,"1,250",13.9,0,0,0,0,0,0,4,0,0.2,0.2,0.4,0.6,4,33,2,0.00,0.00,0.00,0.00,0.00,0.01,0.03,0.04,0.01,0.04
Ferrán Torres,es ESP,FW,Barcelona,23,2000,29,12,"1,211",13.5,7,2,9,7,0,0,2,0,5.5,5.5,2.7,8.2,30,44,113,0.52,0.15,0.67,0.52,0.67,0.41,0.20,0.61,0.41,0.61
Beñat Turrientes,es ESP,MF,Real Sociedad,21,2002,29,19,"1,687",18.7,0,1,1,0,0,0,4,0,1.2,1.2,0.5,1.8,26,51,31,0.00,0.05,0.05,0.00,0.05,0.06,0.03,0.09,0.06,0.09
Borja Vázquez,es ESP,FW,Cádiz,18,2005,1,0,4,0.0,0,0,0,0,0,0,0,0,0.0,0.0,0.1,0.1,0,1,1,0.00,0.00,0.00,0.00,0.00,0.00,1.70,1.70,0.00,1.70
Jesus Vazquez,es ESP,"DF,MF",Valencia,20,2003,20,6,716,8.0,1,0,1,1,0,0,1,0,1.2,1.2,0.1,1.3,13,15,29,0.13,0.00,0.13,0.13,0.13,0.15,0.02,0.16,0.15,0.16
Gabriel Veiga,es ESP,FW,Celta Vigo,21,2002,1,0,18,0.2,0,0,0,0,0,0,0,0,0.0,0.0,0.0,0.0,0,0,1,0.00,0.00,0.00,0.00,0.00,0.00,0.00,0.00,0.00,0.00
Alejo Véliz,ar ARG,FW,Sevilla,19,2003,6,0,35,0.4,0,0,0,0,0,0,0,0,0.2,0.2,0.0,0.2,0,0,1,0.00,0.00,0.00,0.00,0.00,0.58,0.00,0.58,0.58,0.58
Arthur Vermeeren,be BEL,MF,Atlético Madrid,18,2005,5,2,162,1.8,0,0,0,0,0,0,2,0,0.0,0.0,0.1,0.1,2,7,7,0.00,0.00,0.00,0.00,0.00,0.00,0.04,0.04,0.00,0.04
Ricardo Visus,es ESP,DF,Betis,22,2001,3,1,166,1.8,0,0,0,0,0,0,0,0,0.0,0.0,0.0,0.0,0,2,0,0.00,0.00,0.00,0.00,0.00,0.00,0.00,0.00,0.00,0.00
Nico Williams,es ESP,FW,Athletic Club,21,2002,31,29,"2,263",25.1,5,11,16,5,0,0,6,1,6.0,6.0,5.7,11.7,143,66,302,0.20,0.44,0.64,0.20,0.64,0.24,0.22,0.46,0.24,0.46
Antal Yaakobishvili,hu HUN,DF,Girona,19,2004,1,0,61,0.7,0,0,0,0,0,0,0,0,0.0,0.0,0.3,0.3,0,0,0,0.00,0.00,0.00,0.00,0.00,0.00,0.37,0.37,0.00,0.37
Lamine Yamal,es ESP,FW,Barcelona,16,2007,37,22,"2,201",24.5,5,5,10,5,0,0,3,0,5.2,5.2,6.2,11.4,123,80,350,0.20,0.20,0.41,0.20,0.41,0.21,0.25,0.47,0.21,0.47
Arsen Zakharyan,ru RUS,"MF,FW",Real Sociedad,20,2003,29,15,"1,228",13.6,1,2,3,1,0,0,1,0,2.4,2.4,2.1,4.5,28,47,88,0.07,0.15,0.22,0.07,0.22,0.18,0.15,0.33,0.18,0.33
Bryan Zaragoza,es ESP,"MF,FW",Granada,22,2001,21,18,"1,638",18.2,6,2,8,5,1,1,5,0,3.8,3.0,3.3,6.3,100,36,127,0.33,0.11,0.44,0.27,0.38,0.21,0.18,0.39,0.16,0.35
