Player,Nation,Position,Squad,Age,Year of birth,Matches Played,Starts,Minutes,90s Played,Goals,Assists,Goals + Assists,Non-Penalty Goals,Penalty Kicks Made,Penalty Kicks Attempted,Yellow Cards,Red Cards,xG: Expected Goals,npxG: Non-Penalty xG,xAG: Exp. Assisted Goals,npxG + xAG,Progressive Carries,Progressive Passes,Progressive Passes Rec,Goals/90,Assists/90,Goals + Assists/90,Non-Penalty Goals/90,Non-Penalty Goals + Assists/90,xG/90,xAG/90,xG + xAG/90,npxG/90,npxG + xAG
Keyliane Abdallah,fr FRA,FW,Marseille,17,2006,1,0,4,0.0,0,0,0,0,0,0,0,0,0.0,0.0,0.0,0.0,0,0,0,0.00,0.00,0.00,0.00,0.00,0.00,0.00,0.00,0.00,0.00
Salis Abdul Samed,gh GHA,MF,Lens,23,2000,27,17,"1,519",16.9,0,0,0,0,0,0,2,0,0.8,0.8,0.5,1.3,9,78,20,0.00,0.00,0.00,0.00,0.00,0.05,0.03,0.08,0.05,0.08
Matthis Abline,fr FRA,FW,Nantes,20,2003,22,12,"1,044",11.6,5,0,5,5,0,0,1,0,3.8,3.8,2.0,5.8,28,20,87,0.43,0.00,0.43,0.43,0.43,0.33,0.17,0.50,0.33,0.50
Zakaria Aboukhlal,ma MAR,"MF,FW",Toulouse,23,2000,13,9,754,8.4,3,0,3,2,1,1,2,0,2.8,2.0,0.2,2.2,23,20,75,0.36,0.00,0.36,0.24,0.24,0.33,0.02,0.36,0.24,0.26
Akor Adams,ng NGA,FW,Montpellier,23,2000,32,27,"2,252",25.0,8,1,9,8,0,0,2,0,12.4,12.4,1.9,14.3,40,17,127,0.32,0.04,0.36,0.32,0.36,0.50,0.07,0.57,0.50,0.57
Nathaniel Adjei,gh GHA,DF,Lorient,20,2002,15,14,"1,243",13.8,0,0,0,0,0,0,2,0,0.4,0.4,0.1,0.5,10,34,4,0.00,0.00,0.00,0.00,0.00,0.03,0.01,0.03,0.03,0.03
Adson,br BRA,"MF,FW",Nantes,22,2000,8,2,238,2.6,0,0,0,0,0,0,0,0,0.2,0.2,0.1,0.3,18,15,19,0.00,0.00,0.00,0.00,0.00,0.09,0.04,0.13,0.09,0.13
Maghnes Akliouche,fr FRA,"MF,FW",Monaco,21,2002,28,18,"1,613",17.9,7,4,11,7,0,0,5,0,5.4,5.4,3.5,8.9,46,93,135,0.39,0.22,0.61,0.39,0.61,0.30,0.19,0.49,0.30,0.49
Aboubacar Ali,fr FRA,"MF,FW",Strasbourg,17,2006,9,1,130,1.4,0,1,1,0,0,0,0,0,0.2,0.2,0.1,0.3,3,3,12,0.00,0.69,0.69,0.00,0.69,0.17,0.05,0.22,0.17,0.22
Mohamed Ali Cho,fr FRA,FW,Nice,19,2004,17,11,861,9.6,1,2,3,1,0,0,2,0,1.1,1.1,2.0,3.1,48,25,77,0.10,0.21,0.31,0.10,0.31,0.12,0.21,0.32,0.12,0.32
Skelly Alvero,fr FRA,MF,Lyon,21,2002,8,6,426,4.7,1,0,1,1,0,0,2,0,0.4,0.4,0.0,0.4,3,27,13,0.21,0.00,0.21,0.21,0.21,0.09,0.00,0.09,0.09,0.09
Papa Amadou Diallo,sn SEN,FW,Metz,19,2004,16,9,889,9.9,2,1,3,2,0,0,1,0,2.6,2.6,0.9,3.5,25,30,65,0.20,0.10,0.30,0.20,0.30,0.26,0.09,0.35,0.26,0.35
Ângelo,br BRA,"FW,MF",Strasbourg,18,2004,21,11,"1,094",12.2,0,3,3,0,0,0,1,0,0.4,0.4,3.3,3.7,50,59,109,0.00,0.25,0.25,0.00,0.25,0.04,0.27,0.31,0.04,0.31
Stredair Appuah,fr FRA,"FW,MF",Nantes,19,2004,4,0,84,0.9,0,0,0,0,0,0,0,0,0.4,0.4,0.0,0.4,3,0,2,0.00,0.00,0.00,0.00,0.00,0.46,0.00,0.46,0.46,0.46
Hákon Arnar Haraldsson,is ISL,"FW,MF",Lille,20,2003,26,15,"1,284",14.3,2,0,2,2,0,0,5,0,0.8,0.8,1.5,2.2,25,48,90,0.14,0.00,0.14,0.14,0.14,0.05,0.10,0.16,0.05,0.16
Mohamed El Arouch,fr FRA,FW,Lyon,19,2004,1,0,2,0.0,0,0,0,0,0,0,0,0,0.0,0.0,0.0,0.0,0,0,0,0.00,0.00,0.00,0.00,0.00,0.00,0.00,0.00,0.00,0.00
Lorenz Assignon,tg TOG,DF,Rennes,23,2000,14,12,"1,011",11.2,1,1,2,1,0,0,4,0,0.4,0.4,1.8,2.2,28,51,67,0.09,0.09,0.18,0.09,0.18,0.04,0.16,0.20,0.04,0.20
Valentin Atangana Edoa,fr FRA,MF,Reims,17,2005,15,7,555,6.2,0,0,0,0,0,0,0,0,0.5,0.5,0.1,0.6,10,21,17,0.00,0.00,0.00,0.00,0.00,0.08,0.02,0.10,0.08,0.10
Arthur Atta,fr FRA,"MF,FW",Metz,20,2003,21,10,924,10.3,1,2,3,1,0,0,0,0,0.6,0.6,1.3,1.9,16,48,22,0.10,0.19,0.29,0.10,0.29,0.06,0.13,0.18,0.06,0.18
Neil El Aynaoui,fr FRA,MF,Lens,22,2001,25,17,"1,566",17.4,1,2,3,1,0,0,1,0,2.4,2.4,0.8,3.2,25,59,44,0.06,0.11,0.17,0.06,0.17,0.14,0.05,0.19,0.14,0.19
Abdellah Baallal,ma MAR,MF,Clermont Foot,18,2004,1,0,4,0.0,0,0,0,0,0,0,0,0,0.0,0.0,0.0,0.0,0,0,0,0.00,0.00,0.00,0.00,0.00,0.00,0.00,0.00,0.00,0.00
Shavy Babicka,ga GAB,"FW,MF",Toulouse,23,2000,12,4,373,4.1,1,0,1,1,0,0,0,0,0.6,0.6,0.1,0.7,17,8,64,0.24,0.00,0.24,0.24,0.24,0.14,0.03,0.17,0.14,0.17
Aliou Badara Baldé,gn GUI,"FW,DF",Nice,20,2002,7,0,69,0.8,0,0,0,0,0,0,0,0,0.1,0.1,0.0,0.1,5,2,8,0.00,0.00,0.00,0.00,0.00,0.17,0.00,0.17,0.17,0.17
Dilane Bakwa,fr FRA,"FW,MF",Strasbourg,20,2002,31,25,"2,177",24.2,3,6,9,3,0,0,4,1,3.2,3.2,6.2,9.4,94,92,204,0.12,0.25,0.37,0.12,0.37,0.13,0.26,0.39,0.13,0.39
Carlos Baleba,cm CMR,MF,Lille,19,2004,2,1,61,0.7,0,0,0,0,0,0,0,0,0.0,0.0,0.0,0.0,1,3,1,0.00,0.00,0.00,0.00,0.00,0.05,0.00,0.05,0.05,0.05
Folarin Balogun,us USA,FW,Monaco,22,2001,29,19,"1,692",18.8,7,5,12,7,0,3,1,0,11.0,8.5,3.3,11.8,35,30,199,0.37,0.27,0.64,0.37,0.64,0.59,0.18,0.76,0.45,0.63
Mohamed Bamba,ci CIV,FW,Lorient,21,2001,16,14,"1,138",12.6,8,3,11,7,1,1,3,0,6.4,5.6,2.1,7.7,25,16,69,0.63,0.24,0.87,0.55,0.79,0.51,0.16,0.67,0.44,0.61
Mamady Bangré,bf BFA,"FW,MF",Toulouse,22,2001,8,0,101,1.1,0,1,1,0,0,0,2,0,0.1,0.1,0.7,0.8,10,9,12,0.00,0.89,0.89,0.00,0.89,0.12,0.59,0.71,0.12,0.71
Bradley Barcola,fr FRA,FW,Lyon,20,2002,3,3,270,3.0,0,0,0,0,0,0,1,0,0.1,0.1,0.3,0.4,11,9,31,0.00,0.00,0.00,0.00,0.00,0.02,0.10,0.12,0.02,0.12
Bradley Barcola,fr FRA,"FW,MF",Paris S-G,20,2002,25,18,"1,370",15.2,4,7,11,4,0,0,3,1,4.5,4.5,5.2,9.8,93,56,216,0.26,0.46,0.72,0.26,0.72,0.30,0.34,0.64,0.30,0.64
Melvin Bard,fr FRA,DF,Nice,22,2000,32,31,"2,654",29.5,1,2,3,1,0,0,7,1,0.5,0.5,2.8,3.4,60,111,99,0.03,0.07,0.10,0.03,0.10,0.02,0.10,0.11,0.02,0.11
Steven Baseya,fr FRA,DF,Strasbourg,18,2005,2,0,6,0.1,0,0,0,0,0,0,0,0,0.0,0.0,0.0,0.0,0,0,0,0.00,0.00,0.00,0.00,0.00,0.00,0.00,0.00,0.00,0.00
Mohamed Bechikh,fr FRA,"FW,MF",Strasbourg,18,2005,2,0,14,0.2,0,0,0,0,0,0,0,0,0.0,0.0,0.0,0.0,0,0,3,0.00,0.00,0.00,0.00,0.00,0.00,0.00,0.00,0.00,0.00
Yanis Begraoui,ma MAR,"FW,MF",Toulouse,22,2001,14,3,300,3.3,0,0,0,0,0,0,0,0,0.4,0.4,0.1,0.5,9,8,30,0.00,0.00,0.00,0.00,0.00,0.12,0.03,0.15,0.12,0.15
Reda Belahyane,ma MAR,MF,Nice,19,2004,1,0,27,0.3,0,0,0,0,0,0,0,0,0.0,0.0,0.0,0.0,1,1,0,0.00,0.00,0.00,0.00,0.00,0.00,0.00,0.00,0.00,0.00
Alaa Bellaarouch,ma MAR,GK,Strasbourg,21,2002,15,15,"1,350",15.0,0,0,0,0,0,0,1,0,0.0,0.0,0.0,0.0,0,0,0,0.00,0.00,0.00,0.00,0.00,0.00,0.00,0.00,0.00,0.00
Jeanuël Belocian,fr FRA,DF,Rennes,18,2005,23,16,"1,448",16.1,0,1,1,0,0,0,0,0,0.5,0.5,0.4,0.9,16,60,37,0.00,0.06,0.06,0.00,0.06,0.03,0.02,0.06,0.03,0.06
Eliesse Ben Seghir,ma MAR,"MF,FW",Monaco,18,2005,13,4,428,4.8,2,1,3,2,0,0,0,1,0.8,0.8,0.5,1.3,26,21,56,0.42,0.21,0.63,0.42,0.63,0.17,0.10,0.27,0.17,0.27
Lucas Beraldo,br BRA,DF,Paris S-G,19,2003,13,12,"1,008",11.2,1,0,1,1,0,0,4,1,1.0,1.0,0.2,1.2,7,44,2,0.09,0.00,0.09,0.09,0.09,0.09,0.02,0.11,0.09,0.11
Myron Boadu,nl NED,FW,Monaco,22,2001,9,0,85,0.9,1,0,1,1,0,0,0,0,0.4,0.4,0.0,0.4,3,1,9,1.06,0.00,1.06,1.06,1.06,0.46,0.00,0.46,0.46,0.46
Adama Bojang,gm GAM,FW,Reims,19,2004,9,0,83,0.9,0,0,0,0,0,0,1,0,1.3,1.3,0.0,1.3,2,1,8,0.00,0.00,0.00,0.00,0.00,1.38,0.05,1.43,1.38,1.43
Saïmon Bouabré,fr FRA,MF,Monaco,17,2006,1,0,45,0.5,0,0,0,0,0,0,0,0,0.0,0.0,0.0,0.0,2,3,5,0.00,0.00,0.00,0.00,0.00,0.00,0.00,0.00,0.00,0.00
Ayyoub Bouaddi,fr FRA,MF,Lille,15,2007,9,1,131,1.5,0,0,0,0,0,0,3,1,0.0,0.0,0.0,0.0,1,12,2,0.00,0.00,0.00,0.00,0.00,0.00,0.01,0.01,0.00,0.01
Badredine Bouanani,dz ALG,FW,Nice,18,2004,7,1,161,1.8,0,0,0,0,0,0,0,0,0.2,0.2,0.5,0.7,10,2,24,0.00,0.00,0.00,0.00,0.00,0.12,0.26,0.37,0.12,0.37
Badredine Bouanani,dz ALG,MF,Lorient,18,2004,11,4,443,4.9,1,0,1,1,0,0,0,0,1.4,1.4,0.9,2.3,30,32,27,0.20,0.00,0.20,0.20,0.20,0.28,0.18,0.46,0.28,0.46
Mohamed Bouchenna,fr FRA,"MF,FW",Clermont Foot,17,2006,2,0,29,0.3,0,0,0,0,0,0,1,0,0.1,0.1,0.2,0.3,0,1,3,0.00,0.00,0.00,0.00,0.00,0.19,0.65,0.85,0.19,0.85
Hicham Boudaoui,dz ALG,MF,Nice,23,1999,29,17,"1,613",17.9,2,0,2,2,0,0,5,0,3.3,3.3,1.8,5.1,28,78,58,0.11,0.00,0.11,0.11,0.11,0.19,0.10,0.29,0.19,0.29
Hugo Boutsingkham,fr FRA,"MF,FW",Nantes,20,2003,2,0,11,0.1,0,0,0,0,0,0,0,0,0.0,0.0,0.0,0.0,0,0,0,0.00,0.00,0.00,0.00,0.00,0.00,0.00,0.00,0.00,0.00
Bilal Brahimi,dz ALG,FW,Nice,23,2000,2,0,11,0.1,0,0,0,0,0,0,0,0,0.0,0.0,0.1,0.1,1,0,6,0.00,0.00,0.00,0.00,0.00,0.00,0.58,0.58,0.00,0.58
Bilal Brahimi,dz ALG,"FW,MF",Brest,23,2000,18,1,221,2.5,0,0,0,0,0,0,1,1,0.1,0.1,0.3,0.4,15,9,39,0.00,0.00,0.00,0.00,0.00,0.04,0.10,0.15,0.04,0.15
Lilian Brassier,fr FRA,DF,Brest,23,1999,30,30,"2,677",29.7,3,0,3,3,0,0,11,1,1.1,1.1,0.6,1.6,20,121,5,0.10,0.00,0.10,0.10,0.10,0.04,0.02,0.06,0.04,0.06
Maxime Busi,be BEL,"FW,DF",Reims,23,1999,5,1,162,1.8,0,0,0,0,0,0,1,0,0.2,0.2,0.2,0.4,3,3,12,0.00,0.00,0.00,0.00,0.00,0.10,0.11,0.21,0.10,0.21
Marcin Bułka,pl POL,GK,Nice,23,1999,34,34,"3,060",34.0,0,0,0,0,0,0,2,0,0.1,0.1,0.0,0.1,0,0,0,0.00,0.00,0.00,0.00,0.00,0.00,0.00,0.00,0.00,0.00
Lamine Camara,sn SEN,MF,Metz,19,2004,31,26,"2,255",25.1,1,4,5,1,0,1,3,0,2.2,1.4,3.3,4.7,23,97,69,0.04,0.16,0.20,0.04,0.20,0.09,0.13,0.22,0.06,0.19
Mohamed Camara,ml MLI,MF,Monaco,23,2000,20,14,"1,035",11.5,1,2,3,0,1,1,4,0,1.5,0.7,0.6,1.3,14,76,22,0.09,0.17,0.26,0.00,0.17,0.13,0.06,0.18,0.06,0.11
Axel Camblan,fr FRA,FW,Brest,19,2003,7,0,90,1.0,0,0,0,0,0,0,2,0,0.2,0.2,0.0,0.3,5,1,8,0.00,0.00,0.00,0.00,0.00,0.25,0.05,0.29,0.25,0.29
Gino Caoki,fr FRA,MF,Lorient,19,2004,1,0,7,0.1,0,0,0,0,0,0,0,0,0.0,0.0,0.0,0.0,1,0,0,0.00,0.00,0.00,0.00,0.00,0.00,0.00,0.00,0.00,0.00
Maxence Caqueret,fr FRA,MF,Lyon,23,2000,34,34,"3,022",33.6,1,3,4,1,0,0,1,0,2.1,2.1,6.0,8.1,70,286,96,0.03,0.09,0.12,0.03,0.12,0.06,0.18,0.24,0.06,0.24
Antonin Cartillier,fr FRA,DF,Monaco,19,2004,1,0,8,0.1,0,0,0,0,0,0,0,0,0.0,0.0,0.0,0.0,1,0,0,0.00,0.00,0.00,0.00,0.00,0.00,0.00,0.00,0.00,0.00
Josué Casimir,fr FRA,"FW,DF",Le Havre,21,2001,30,25,"2,016",22.4,0,5,5,0,0,0,6,0,1.9,1.9,4.3,6.3,59,62,138,0.00,0.22,0.22,0.00,0.22,0.09,0.19,0.28,0.09,0.28
Cristian Cásseres Jr.,ve VEN,MF,Toulouse,23,2000,32,23,"1,946",21.6,1,3,4,1,0,0,1,0,1.1,1.1,1.7,2.8,14,87,52,0.05,0.14,0.18,0.05,0.18,0.05,0.08,0.13,0.05,0.13
Fares Chaïbi,dz ALG,"FW,MF",Toulouse,20,2002,2,0,58,0.6,0,1,1,0,0,0,1,0,0.0,0.0,0.2,0.2,2,5,12,0.00,1.55,1.55,0.00,1.55,0.00,0.29,0.29,0.00,0.29
Muhammed Cham,at AUT,"MF,FW",Clermont Foot,22,2000,33,29,"2,554",28.4,8,4,12,4,4,5,4,0,9.4,5.5,3.1,8.7,71,161,142,0.28,0.14,0.42,0.14,0.28,0.33,0.11,0.44,0.19,0.31
Jhoanner Chávez,ec ECU,DF,Lens,21,2002,8,6,481,5.3,0,0,0,0,0,0,1,0,0.3,0.3,0.5,0.8,4,15,19,0.00,0.00,0.00,0.00,0.00,0.06,0.08,0.14,0.06,0.14
Rayan Cherki,fr FRA,"MF,FW",Lyon,19,2003,33,19,"1,719",19.1,1,6,7,1,0,0,0,0,5.2,5.2,4.2,9.4,93,138,182,0.05,0.31,0.37,0.05,0.37,0.27,0.22,0.49,0.27,0.49
Lucas Chevalier,fr FRA,GK,Lille,21,2001,33,33,"2,969",33.0,0,0,0,0,0,0,1,0,0.0,0.0,0.1,0.1,0,2,0,0.00,0.00,0.00,0.00,0.00,0.00,0.00,0.00,0.00,0.00
Joris Chotard,fr FRA,MF,Montpellier,21,2001,31,30,"2,587",28.7,0,3,3,0,0,0,5,0,0.6,0.6,1.9,2.6,12,111,40,0.00,0.10,0.10,0.00,0.10,0.02,0.07,0.09,0.02,0.09
Djaoui Cissé,fr FRA,MF,Rennes,19,2004,2,0,4,0.0,0,0,0,0,0,0,0,0,0.0,0.0,0.0,0.0,0,0,1,0.00,0.00,0.00,0.00,0.00,0.00,0.00,0.00,0.00,0.00
Ibrahim Cissoko,nl NED,"FW,MF",Toulouse,20,2003,11,2,241,2.7,1,1,2,1,0,0,1,0,0.8,0.8,0.4,1.2,21,12,39,0.37,0.37,0.75,0.37,0.75,0.29,0.16,0.45,0.29,0.45
Oscar Cortés,co COL,"FW,MF",Lens,19,2003,4,0,44,0.5,1,1,2,1,0,0,0,0,0.5,0.5,0.7,1.1,1,2,8,2.05,2.05,4.09,2.05,4.09,0.93,1.41,2.35,0.93,2.35
David Costa,pt POR,MF,Lens,22,2001,25,17,"1,494",16.6,4,2,6,4,0,0,3,0,3.0,3.0,3.5,6.5,53,73,101,0.24,0.12,0.36,0.24,0.36,0.18,0.21,0.39,0.18,0.39
Logan Costa,cv CPV,DF,Toulouse,22,2001,31,29,"2,650",29.4,1,1,2,1,0,0,6,0,1.4,1.4,0.6,2.0,19,145,14,0.03,0.03,0.07,0.03,0.07,0.05,0.02,0.07,0.05,0.07
Mamadou Coulibaly,fr FRA,MF,Monaco,19,2004,5,1,118,1.3,0,0,0,0,0,0,0,0,0.2,0.2,0.1,0.2,2,5,7,0.00,0.00,0.00,0.00,0.00,0.13,0.04,0.18,0.13,0.18
Tanguy Coulibaly,fr FRA,"FW,MF",Montpellier,22,2001,16,7,623,6.9,1,0,1,1,0,0,2,0,2.6,2.6,0.8,3.3,27,13,48,0.14,0.00,0.14,0.14,0.14,0.37,0.11,0.48,0.37,0.48
Trévis Dago,ci CIV,"FW,MF",Lille,18,2005,4,0,23,0.3,0,1,1,0,0,0,1,0,0.0,0.0,0.4,0.5,1,0,1,0.00,3.91,3.91,0.00,3.91,0.16,1.63,1.78,0.16,1.78
Thijs Dallinga,nl NED,FW,Toulouse,22,2000,33,28,"2,510",27.9,14,2,16,13,1,3,6,0,14.1,11.8,1.2,13.0,32,38,164,0.50,0.07,0.57,0.47,0.54,0.51,0.04,0.55,0.42,0.47
Raimane Daou,km COM,"DF,MF",Marseille,18,2004,1,0,25,0.3,0,0,0,0,0,0,0,0,0.0,0.0,0.0,0.0,0,0,1,0.00,0.00,0.00,0.00,0.00,0.00,0.00,0.00,0.00,0.00
Mohammed Daramy,dk DEN,"FW,MF",Reims,21,2002,25,19,"1,648",18.3,4,5,9,3,1,1,0,0,4.6,3.8,2.4,6.2,72,69,162,0.22,0.27,0.49,0.16,0.44,0.25,0.13,0.38,0.21,0.34
Jonathan David,ca CAN,FW,Lille,23,2000,34,30,"2,629",29.2,19,4,23,17,2,3,4,0,17.5,15.0,3.3,18.3,47,79,198,0.65,0.14,0.79,0.58,0.72,0.60,0.11,0.71,0.51,0.63
Sacha Delaye,fr FRA,"MF,FW",Montpellier,21,2002,9,0,130,1.4,0,0,0,0,0,0,1,0,0.3,0.3,0.1,0.4,2,4,8,0.00,0.00,0.00,0.00,0.00,0.23,0.07,0.30,0.23,0.30
Karamoko Dembélé,eng ENG,"MF,FW",Brest,20,2003,1,0,16,0.2,0,0,0,0,0,0,0,0,0.0,0.0,0.0,0.0,0,1,3,0.00,0.00,0.00,0.00,0.00,0.00,0.00,0.00,0.00,0.00
Lamine Diack,sn SEN,MF,Nantes,22,2000,1,0,1,0.0,0,0,0,0,0,0,0,0,0.0,0.0,0.0,0.0,0,0,0,0.00,0.00,0.00,0.00,0.00,0.00,0.00,0.00,0.00,0.00
Mamadou Diakhon,fr FRA,"FW,MF",Reims,17,2005,11,1,209,2.3,0,0,0,0,0,0,0,0,0.0,0.0,0.2,0.3,11,1,16,0.00,0.00,0.00,0.00,0.00,0.01,0.10,0.11,0.01,0.11
Bafodé Diakité,fr FRA,DF,Lille,22,2001,21,19,"1,696",18.8,5,2,7,5,0,0,4,0,2.0,2.0,1.4,3.5,15,95,16,0.27,0.11,0.37,0.27,0.37,0.11,0.08,0.19,0.11,0.19
Ibrahim Diakité,gn GUI,DF,Reims,19,2003,5,1,109,1.2,0,0,0,0,0,0,0,0,0.0,0.0,0.2,0.2,7,7,9,0.00,0.00,0.00,0.00,0.00,0.00,0.16,0.16,0.00,0.16
Oumar Diakité,ci CIV,FW,Reims,19,2003,28,18,"1,585",17.6,5,1,6,5,0,1,4,0,7.0,6.2,1.3,7.5,29,28,107,0.28,0.06,0.34,0.28,0.34,0.40,0.07,0.47,0.35,0.43
Habib Diarra,sn SEN,"MF,FW",Strasbourg,19,2004,31,28,"2,305",25.6,3,1,4,2,1,1,3,0,3.4,2.7,1.3,3.9,59,107,88,0.12,0.04,0.16,0.08,0.12,0.13,0.05,0.18,0.10,0.15
Moussa Diarra,ml MLI,DF,Toulouse,22,2000,22,15,"1,397",15.5,1,2,3,1,0,0,5,0,0.5,0.5,1.1,1.6,18,70,12,0.06,0.13,0.19,0.06,0.19,0.03,0.07,0.10,0.03,0.10
Mahamadou Diawara,fr FRA,MF,Lyon,18,2005,11,4,358,4.0,0,0,0,0,0,0,2,0,0.7,0.7,0.1,0.9,13,20,14,0.00,0.00,0.00,0.00,0.00,0.19,0.03,0.22,0.19,0.22
Bamba Dieng,sn SEN,FW,Lorient,23,2000,16,5,549,6.1,4,1,5,4,0,0,3,0,3.2,3.2,1.6,4.8,5,4,44,0.66,0.16,0.82,0.66,0.82,0.53,0.27,0.79,0.53,0.79
Guillaume Dietsch,fr FRA,GK,Metz,22,2001,1,0,73,0.8,0,0,0,0,0,0,0,0,0.0,0.0,0.0,0.0,0,0,0,0.00,0.00,0.00,0.00,0.00,0.00,0.00,0.00,0.00,0.00
Sinaly Diomande,ci CIV,DF,Lyon,22,2001,10,10,889,9.9,0,0,0,0,0,0,2,0,1.0,1.0,0.7,1.7,5,43,0,0.00,0.00,0.00,0.00,0.00,0.10,0.07,0.17,0.10,0.17
Edan Diop,fr FRA,"MF,DF",Monaco,18,2004,10,0,163,1.8,0,0,0,0,0,0,3,0,0.0,0.0,0.0,0.0,4,7,11,0.00,0.00,0.00,0.00,0.00,0.00,0.00,0.00,0.00,0.00
Sofiane Diop,fr FRA,FW,Nice,23,2000,10,6,499,5.5,0,0,0,0,0,0,0,0,1.2,1.2,0.8,2.0,20,17,43,0.00,0.00,0.00,0.00,0.00,0.22,0.14,0.36,0.22,0.36
Andy Diouf,fr FRA,MF,Lens,20,2003,25,16,"1,314",14.6,1,0,1,1,0,0,2,0,1.5,1.5,1.1,2.6,63,80,55,0.07,0.00,0.07,0.07,0.07,0.10,0.08,0.18,0.10,0.18
Yehvann Diouf,fr FRA,GK,Reims,23,1999,34,34,"3,060",34.0,0,0,0,0,0,0,1,0,0.0,0.0,0.0,0.0,0,3,0,0.00,0.00,0.00,0.00,0.00,0.00,0.00,0.00,0.00,0.00
Chaim El Djebali,tn TUN,MF,Lyon,19,2004,1,0,12,0.1,0,0,0,0,0,0,0,0,0.0,0.0,0.0,0.0,1,2,0,0.00,0.00,0.00,0.00,0.00,0.00,0.00,0.00,0.00,0.00
Jeremy Doku,be BEL,FW,Rennes,21,2002,2,1,111,1.2,1,0,1,1,0,0,0,0,0.6,0.6,0.2,0.8,11,5,19,0.81,0.00,0.81,0.81,0.81,0.48,0.16,0.64,0.48,0.64
Siriné Doucouré,ml MLI,FW,Lorient,21,2002,11,5,423,4.7,1,3,4,1,0,0,2,0,0.9,0.9,1.3,2.2,14,5,35,0.21,0.64,0.85,0.21,0.85,0.20,0.28,0.47,0.20,0.47
Désiré Doué,fr FRA,"MF,FW",Rennes,18,2005,31,17,"1,626",18.1,4,4,8,4,0,0,3,0,2.4,2.4,3.7,6.1,78,121,172,0.22,0.22,0.44,0.22,0.44,0.13,0.21,0.34,0.13,0.34
Guela Doué,ci CIV,DF,Rennes,20,2002,24,13,"1,234",13.7,0,2,2,0,0,0,1,1,0.5,0.5,1.1,1.6,41,53,85,0.00,0.15,0.15,0.00,0.15,0.04,0.08,0.12,0.04,0.12
Ismaël Doukouré,fr FRA,"MF,DF",Strasbourg,20,2003,22,19,"1,656",18.4,0,0,0,0,0,0,4,0,0.3,0.3,0.2,0.5,15,80,7,0.00,0.00,0.00,0.00,0.00,0.02,0.01,0.03,0.02,0.03
Kamory Doumbia,ml MLI,MF,Brest,20,2003,25,7,879,9.8,6,5,11,6,0,0,1,0,4.2,4.2,0.9,5.0,22,48,43,0.61,0.51,1.13,0.61,1.13,0.43,0.09,0.52,0.43,0.52
Simon Ebonog,cm CMR,MF,Le Havre,18,2004,4,0,20,0.2,0,0,0,0,0,0,0,0,0.0,0.0,0.0,0.0,0,1,0,0.00,0.00,0.00,0.00,0.00,0.00,0.00,0.00,0.00,0.00
Hugo Ekitike,fr FRA,FW,Paris S-G,21,2002,1,0,9,0.1,0,0,0,0,0,0,0,0,0.0,0.0,0.0,0.0,0,1,3,0.00,0.00,0.00,0.00,0.00,0.00,0.30,0.30,0.00,0.30
Emanuel Emegha,nl NED,FW,Strasbourg,20,2003,28,23,"2,078",23.1,8,1,9,8,0,1,3,0,10.8,10.0,0.4,10.4,24,11,115,0.35,0.04,0.39,0.35,0.39,0.47,0.02,0.49,0.43,0.45
Maxime Estève,fr FRA,DF,Montpellier,21,2002,12,12,995,11.1,1,1,2,1,0,0,2,0,0.2,0.2,0.3,0.5,8,23,10,0.09,0.09,0.18,0.09,0.18,0.02,0.02,0.04,0.02,0.04
Ilhan Fakili,fr FRA,"MF,FW",Clermont Foot,17,2006,3,1,94,1.0,0,0,0,0,0,0,0,0,0.2,0.2,0.0,0.2,2,4,7,0.00,0.00,0.00,0.00,0.00,0.17,0.03,0.20,0.17,0.20
Khalil Fayad,fr FRA,"FW,MF",Montpellier,19,2004,23,11,"1,025",11.4,3,0,3,3,0,0,2,0,1.9,1.9,0.5,2.4,18,35,47,0.26,0.00,0.26,0.26,0.26,0.17,0.04,0.21,0.17,0.21
Ichem Ferrah,fr FRA,FW,Lille,17,2005,1,0,3,0.0,0,0,0,0,0,0,0,0,0.0,0.0,0.0,0.0,0,0,2,0.00,0.00,0.00,0.00,0.00,0.00,0.00,0.00,0.00,0.00
Malick Fofana,be BEL,FW,Lyon,18,2005,17,4,559,6.2,3,0,3,3,0,0,0,0,1.8,1.8,0.5,2.4,26,10,60,0.48,0.00,0.48,0.48,0.48,0.29,0.09,0.38,0.29,0.38
Tiago Fonseca Morais,pt POR,FW,Lille,19,2003,3,0,46,0.5,0,0,0,0,0,0,0,0,0.4,0.4,0.0,0.4,3,3,2,0.00,0.00,0.00,0.00,0.00,0.70,0.00,0.70,0.70,0.70
Yann Gboho,fr FRA,"MF,FW",Toulouse,22,2001,16,13,"1,193",13.3,3,2,5,3,0,0,1,0,1.2,1.2,1.7,2.9,65,48,97,0.23,0.15,0.38,0.23,0.38,0.09,0.13,0.22,0.09,0.22
Gelabert,es ESP,"MF,FW",Toulouse,22,2000,16,10,754,8.4,1,2,3,1,0,0,1,0,0.8,0.8,1.3,2.1,14,33,57,0.12,0.24,0.36,0.12,0.36,0.09,0.16,0.25,0.09,0.25
Angel Gomes,eng ENG,MF,Lille,22,2000,31,29,"2,571",28.6,0,8,8,0,0,0,5,0,2.0,2.0,6.2,8.2,49,204,71,0.00,0.28,0.28,0.00,0.28,0.07,0.22,0.29,0.07,0.29
Amine Gouiri,dz ALG,"FW,MF",Rennes,23,2000,31,24,"2,067",23.0,7,3,10,7,0,0,2,0,7.4,7.3,1.7,9.1,59,82,185,0.30,0.13,0.44,0.30,0.44,0.32,0.08,0.40,0.32,0.39
Axel Gueguin,fr FRA,"DF,FW",Montpellier,18,2005,3,1,132,1.5,0,0,0,0,0,0,0,0,0.0,0.0,0.1,0.1,2,3,6,0.00,0.00,0.00,0.00,0.00,0.00,0.04,0.04,0.00,0.04
Evann Guessand,ci CIV,FW,Nice,22,2001,34,14,"1,553",17.3,6,0,6,4,2,2,1,0,8.4,6.8,1.4,8.2,40,34,114,0.35,0.00,0.35,0.23,0.23,0.48,0.08,0.56,0.39,0.47
Jaouen Hadjam,dz ALG,DF,Nantes,20,2003,8,0,112,1.2,0,0,0,0,0,0,0,0,0.0,0.0,0.4,0.4,6,10,17,0.00,0.00,0.00,0.00,0.00,0.03,0.29,0.32,0.03,0.32
Luis Henrique,br BRA,"FW,DF",Marseille,21,2001,15,8,784,8.7,1,0,1,1,0,0,0,0,1.3,1.3,0.7,2.0,30,40,84,0.11,0.00,0.11,0.11,0.11,0.15,0.08,0.23,0.15,0.23
Andrej Ilic,rs SRB,FW,Lille,23,2000,2,0,9,0.1,0,0,0,0,0,0,0,0,0.0,0.0,0.0,0.0,0,0,0,0.00,0.00,0.00,0.00,0.00,0.00,0.00,0.00,0.00,0.00
Yanis Issoufou,fr FRA,MF,Montpellier,16,2006,1,0,13,0.1,0,0,0,0,0,0,0,0,0.0,0.0,0.0,0.0,0,1,1,0.00,0.00,0.00,0.00,0.00,0.00,0.00,0.00,0.00,0.00
Jérémy Jacquet,fr FRA,MF,Rennes,18,2005,1,0,5,0.1,0,0,0,0,0,0,0,0,0.0,0.0,0.0,0.0,1,0,0,0.00,0.00,0.00,0.00,0.00,0.00,0.00,0.00,0.00,0.00
Jérémy Jacquet,fr FRA,DF,Clermont Foot,18,2005,6,2,253,2.8,0,1,1,0,0,0,0,0,0.2,0.2,0.3,0.5,5,15,4,0.00,0.36,0.36,0.00,0.36,0.08,0.12,0.19,0.08,0.19
Ismail Jakobs,sn SEN,DF,Monaco,23,1999,22,16,"1,466",16.3,1,2,3,1,0,0,0,0,1.3,1.3,1.8,3.1,44,56,133,0.06,0.12,0.18,0.06,0.18,0.08,0.11,0.19,0.08,0.19
Danley Jean-Jacques,ht HAI,MF,Metz,23,2000,33,30,"2,682",29.8,0,0,0,0,0,0,5,0,2.9,2.9,0.6,3.5,35,84,53,0.00,0.00,0.00,0.00,0.00,0.10,0.02,0.12,0.10,0.12
Jeffinho,br BRA,"FW,MF",Lyon,23,1999,10,3,308,3.4,1,1,2,1,0,0,0,0,1.0,1.0,0.6,1.6,15,14,36,0.29,0.29,0.58,0.29,0.58,0.30,0.18,0.48,0.30,0.48
Antoine Joujou,fr FRA,"FW,MF",Le Havre,20,2003,23,6,779,8.7,0,2,2,0,0,0,1,0,1.1,1.1,0.6,1.8,35,22,82,0.00,0.23,0.23,0.00,0.23,0.13,0.07,0.20,0.13,0.20
Eli Junior Kroupi,fr FRA,"FW,MF",Lorient,17,2006,30,11,"1,084",12.0,5,3,8,5,0,0,1,0,3.5,3.5,1.8,5.3,10,12,63,0.42,0.25,0.66,0.42,0.66,0.29,0.15,0.44,0.29,0.44
Yaya Kader Fofana,ml MLI,"MF,DF",Reims,19,2004,4,0,32,0.4,0,0,0,0,0,0,0,0,0.1,0.1,0.0,0.1,1,3,1,0.00,0.00,0.00,0.00,0.00,0.23,0.00,0.23,0.23,0.23
Arnaud Kalimuendo,fr FRA,FW,Rennes,21,2002,30,25,"2,139",23.8,10,1,11,8,2,2,6,0,9.0,7.4,2.7,10.1,27,37,181,0.42,0.04,0.46,0.34,0.38,0.38,0.11,0.49,0.31,0.43
Waren Kamanzi,no NOR,"DF,FW",Toulouse,22,2000,24,12,"1,187",13.2,0,3,3,0,0,0,1,0,0.8,0.8,2.5,3.4,35,56,55,0.00,0.23,0.23,0.00,0.23,0.06,0.19,0.26,0.06,0.26
Lee Kang-in,kr KOR,"FW,MF",Paris S-G,22,2001,23,18,"1,464",16.3,3,4,7,3,0,0,2,0,1.5,1.5,2.3,3.7,50,103,150,0.18,0.25,0.43,0.18,0.43,0.09,0.14,0.23,0.09,0.23
Ayman Kari,fr FRA,MF,Lorient,18,2004,14,12,893,9.9,1,1,2,1,0,0,1,0,0.6,0.6,0.8,1.5,22,37,53,0.10,0.10,0.20,0.10,0.20,0.06,0.08,0.15,0.06,0.15
Panos Katseris,gr GRE,DF,Lorient,22,2001,15,13,"1,041",11.6,1,1,2,1,0,0,4,0,2.1,2.1,0.8,2.9,24,21,86,0.09,0.09,0.17,0.09,0.17,0.18,0.07,0.25,0.18,0.25
Kévin Keben Biakolo,cm CMR,DF,Toulouse,19,2004,8,7,521,5.8,0,0,0,0,0,0,1,0,0.0,0.0,0.1,0.1,5,13,10,0.00,0.00,0.00,0.00,0.00,0.00,0.01,0.01,0.00,0.01
Yassine Kechta,ma MAR,MF,Le Havre,21,2002,32,21,"1,849",20.5,2,1,3,2,0,0,4,0,1.6,1.6,2.2,3.8,41,122,67,0.10,0.05,0.15,0.10,0.15,0.08,0.11,0.19,0.08,0.19
Habib Keita,ml MLI,MF,Clermont Foot,21,2002,27,12,"1,278",14.2,1,0,1,1,0,0,4,0,0.7,0.7,0.6,1.3,9,53,23,0.07,0.00,0.07,0.07,0.07,0.05,0.05,0.09,0.05,0.09
Reda Khadra,de GER,"FW,MF",Reims,22,2001,29,14,"1,368",15.2,1,3,4,1,0,0,1,0,1.8,1.8,3.5,5.4,35,40,110,0.07,0.20,0.26,0.07,0.26,0.12,0.23,0.35,0.12,0.35
Abdukodir Khusanov,uz UZB,DF,Lens,19,2004,11,9,809,9.0,0,0,0,0,0,0,5,0,0.2,0.2,0.1,0.2,5,23,1,0.00,0.00,0.00,0.00,0.00,0.02,0.01,0.03,0.02,0.03
Cheick Konaté,ml MLI,DF,Clermont Foot,19,2004,19,12,"1,068",11.9,1,1,2,1,0,0,4,0,0.5,0.5,1.6,2.1,22,37,86,0.08,0.08,0.17,0.08,0.17,0.04,0.13,0.18,0.04,0.18
Abdoul Koné,fr FRA,DF,Reims,18,2005,3,3,193,2.1,0,0,0,0,0,0,1,0,0.0,0.0,0.7,0.7,3,5,1,0.00,0.00,0.00,0.00,0.00,0.00,0.30,0.30,0.00,0.30
Amadou Koné,ml MLI,MF,Reims,18,2005,16,4,475,5.3,0,0,0,0,0,0,4,1,0.3,0.3,0.2,0.4,2,28,2,0.00,0.00,0.00,0.00,0.00,0.05,0.03,0.08,0.05,0.08
N'Guessan Kouadio,ci CIV,"MF,FW",Metz,20,2003,6,1,110,1.2,0,0,0,0,0,0,0,0,0.1,0.1,0.0,0.1,1,5,2,0.00,0.00,0.00,0.00,0.00,0.07,0.00,0.07,0.07,0.07
Therence Koudou,fr FRA,DF,Reims,18,2004,9,3,314,3.5,0,0,0,0,0,0,3,0,0.1,0.1,0.3,0.3,8,14,21,0.00,0.00,0.00,0.00,0.00,0.02,0.07,0.09,0.02,0.09
Sael Kumbedi,fr FRA,DF,Lyon,18,2005,17,8,924,10.3,0,1,1,0,0,0,3,0,0.2,0.2,0.7,1.0,19,42,75,0.00,0.10,0.10,0.00,0.10,0.02,0.07,0.09,0.02,0.09
Mathis Lambourde,fr FRA,FW,Rennes,17,2006,1,0,10,0.1,0,0,0,0,0,0,0,0,0.0,0.0,0.0,0.0,1,0,2,0.00,0.00,0.00,0.00,0.00,0.00,0.00,0.00,0.00,0.00
Théo Le Bris,fr FRA,"DF,MF",Lorient,20,2002,26,15,"1,516",16.8,0,2,2,0,0,0,2,0,1.2,1.2,1.6,2.8,56,58,117,0.00,0.12,0.12,0.00,0.12,0.07,0.10,0.17,0.07,0.17
Enzo Le Fée,fr FRA,MF,Rennes,23,2000,25,19,"1,527",17.0,0,1,1,0,0,0,3,0,0.5,0.5,1.8,2.3,45,124,58,0.00,0.06,0.06,0.00,0.06,0.03,0.11,0.14,0.03,0.14
Johann Lepenant,fr FRA,MF,Lyon,20,2002,6,2,253,2.8,0,0,0,0,0,0,1,0,0.1,0.1,0.1,0.2,5,24,6,0.00,0.00,0.00,0.00,0.00,0.05,0.03,0.08,0.05,0.08
Léo Leroy,fr FRA,MF,Montpellier,23,2000,21,3,499,5.5,0,1,1,0,0,0,4,0,0.8,0.8,0.7,1.5,8,21,9,0.00,0.18,0.18,0.00,0.18,0.15,0.13,0.28,0.15,0.28
Abou Lô,sn SEN,"MF,DF",Metz,23,2000,6,2,197,2.2,0,0,0,0,0,0,0,1,0.1,0.1,0.3,0.5,0,4,2,0.00,0.00,0.00,0.00,0.00,0.06,0.16,0.22,0.06,0.22
Bradley Locko,fr FRA,DF,Brest,21,2002,33,33,"2,959",32.9,0,3,3,0,0,0,5,0,0.3,0.3,1.6,1.9,83,129,162,0.00,0.09,0.09,0.00,0.09,0.01,0.05,0.06,0.01,0.06
Elysée Logbo,fr FRA,FW,Le Havre,19,2004,10,2,248,2.8,0,0,0,0,0,0,0,0,0.3,0.3,0.1,0.5,1,2,7,0.00,0.00,0.00,0.00,0.00,0.12,0.04,0.16,0.12,0.16
Tom Louchet,fr FRA,"MF,DF",Nice,20,2003,13,3,409,4.5,1,1,2,1,0,0,1,0,1.0,1.0,0.7,1.7,6,18,40,0.22,0.22,0.44,0.22,0.44,0.23,0.16,0.38,0.23,0.38
Joshua M'Bahia,ci CIV,MF,Clermont Foot,18,2005,1,0,14,0.2,0,0,0,0,0,0,1,0,0.0,0.0,0.0,0.0,0,1,2,0.00,0.00,0.00,0.00,0.00,0.00,0.21,0.21,0.00,0.21
Othmane Maamma,ma MAR,FW,Montpellier,17,2005,2,1,88,1.0,1,0,1,1,0,0,0,0,0.3,0.3,0.5,0.7,7,2,3,1.02,0.00,1.02,1.02,1.02,0.27,0.47,0.74,0.27,0.74
Soungoutou Magassa,fr FRA,"DF,MF",Monaco,19,2003,21,15,"1,346",15.0,0,0,0,0,0,0,7,0,0.6,0.6,0.1,0.8,7,92,13,0.00,0.00,0.00,0.00,0.00,0.04,0.01,0.05,0.04,0.05
Frank Magri,cm CMR,"FW,MF",Toulouse,23,1999,29,14,"1,438",16.0,5,2,7,5,0,0,5,0,3.1,3.1,1.6,4.7,31,34,121,0.31,0.13,0.44,0.31,0.44,0.19,0.10,0.29,0.19,0.29
Adel Mahamoud,km COM,FW,Nantes,20,2003,1,0,10,0.1,0,0,0,0,0,0,0,0,0.0,0.0,0.0,0.0,0,2,1,0.00,0.00,0.00,0.00,0.00,0.00,0.00,0.00,0.00,0.00
Radosław Majecki,pl POL,GK,Monaco,23,1999,12,12,"1,080",12.0,0,0,0,0,0,0,1,0,0.0,0.0,0.0,0.0,0,1,0,0.00,0.00,0.00,0.00,0.00,0.00,0.00,0.00,0.00,0.00
Aaron Malouda,fr FRA,FW,Lille,17,2005,1,0,1,0.0,0,0,0,0,0,0,0,0,0.0,0.0,0.0,0.0,0,0,0,0.00,0.00,0.00,0.00,0.00,0.00,0.00,0.00,0.00,0.00
Hianga Mananga Mbock,fr FRA,"MF,FW",Brest,23,1999,2,0,9,0.1,0,0,0,0,0,0,0,0,0.1,0.1,0.2,0.2,1,2,0,0.00,0.00,0.00,0.00,0.00,0.55,1.62,2.17,0.55,2.17
Marquinhos,br BRA,"FW,MF",Nantes,20,2003,7,1,154,1.7,0,0,0,0,0,0,0,0,0.3,0.3,0.7,1.0,2,4,11,0.00,0.00,0.00,0.00,0.00,0.15,0.43,0.58,0.15,0.58
Eliot Matazo,be BEL,MF,Monaco,21,2002,6,0,102,1.1,0,1,1,0,0,0,2,0,0.1,0.1,1.0,1.1,2,10,2,0.00,0.88,0.88,0.00,0.88,0.07,0.91,0.98,0.07,0.98
Chrislain Matsima,fr FRA,DF,Clermont Foot,21,2002,14,13,"1,180",13.1,1,0,1,1,0,0,2,0,0.2,0.2,0.0,0.2,13,45,1,0.08,0.00,0.08,0.08,0.08,0.01,0.00,0.01,0.01,0.01
Chrislain Matsima,fr FRA,DF,Monaco,21,2002,6,3,298,3.3,0,1,1,0,0,0,2,0,0.1,0.1,0.1,0.2,5,31,5,0.00,0.30,0.30,0.00,0.30,0.04,0.02,0.06,0.04,0.06
Aïman Maurer,ma MAR,"MF,FW",Clermont Foot,18,2004,5,0,56,0.6,0,0,0,0,0,0,0,0,0.1,0.1,0.0,0.1,1,2,8,0.00,0.00,0.00,0.00,0.00,0.20,0.00,0.20,0.20,0.20
Christian Mawissa,fr FRA,DF,Toulouse,18,2005,17,12,"1,118",12.4,2,0,2,2,0,0,3,0,1.0,1.0,0.3,1.3,26,39,11,0.16,0.00,0.16,0.16,0.16,0.08,0.02,0.10,0.08,0.10
Noam Mayoka-Tika,be BEL,MF,Marseille,19,2003,1,0,1,0.0,0,0,0,0,0,0,0,0,0.0,0.0,0.0,0.0,0,0,0,0.00,0.00,0.00,0.00,0.00,0.00,0.00,0.00,0.00,0.00
Senny Mayulu,fr FRA,"FW,MF",Paris S-G,17,2006,8,3,324,3.6,0,1,1,0,0,0,0,0,0.1,0.1,0.5,0.6,4,11,38,0.00,0.28,0.28,0.00,0.28,0.04,0.13,0.17,0.04,0.17
Ethan Mbappé,fr FRA,"MF,DF",Paris S-G,16,2006,3,0,48,0.5,0,0,0,0,0,0,0,0,0.1,0.1,0.0,0.1,1,1,4,0.00,0.00,0.00,0.00,0.00,0.27,0.00,0.27,0.27,0.27
Malick Mbaye,sn SEN,"MF,FW",Metz,19,2004,5,1,153,1.7,0,0,0,0,0,0,1,0,0.4,0.4,0.2,0.6,8,1,20,0.00,0.00,0.00,0.00,0.00,0.26,0.11,0.37,0.26,0.37
Christ Mbondi,fr FRA,FW,Reims,18,2004,1,0,2,0.0,0,0,0,0,0,0,0,0,0.0,0.0,0.0,0.0,0,0,1,0.00,0.00,0.00,0.00,0.00,0.00,0.00,0.00,0.00,0.00
Bamo Meïté,ci CIV,DF,Marseille,21,2001,16,6,638,7.1,0,0,0,0,0,0,1,0,0.1,0.1,0.0,0.1,11,29,5,0.00,0.00,0.00,0.00,0.00,0.01,0.00,0.01,0.01,0.01
Bamo Meïté,ci CIV,DF,Lorient,21,2001,2,2,146,1.6,0,0,0,0,0,0,0,0,0.0,0.0,0.0,0.0,0,1,0,0.00,0.00,0.00,0.00,0.00,0.00,0.00,0.00,0.00,0.00
Nuno Mendes,pt POR,DF,Paris S-G,21,2002,6,2,267,3.0,1,1,2,1,0,0,3,0,0.3,0.3,0.4,0.7,12,21,25,0.34,0.34,0.67,0.34,0.67,0.11,0.14,0.25,0.11,0.25
Antoine Mendy,fr FRA,DF,Nice,19,2004,10,4,418,4.6,0,0,0,0,0,0,0,0,0.1,0.1,0.4,0.5,3,12,6,0.00,0.00,0.00,0.00,0.00,0.02,0.08,0.10,0.02,0.10
Formose Mendy,sn SEN,DF,Lorient,22,2001,18,13,"1,256",14.0,0,0,0,0,0,0,6,0,0.3,0.3,0.1,0.4,14,61,13,0.00,0.00,0.00,0.00,0.00,0.02,0.00,0.03,0.02,0.03
Quentin Merlin,fr FRA,DF,Marseille,21,2002,10,8,703,7.8,0,1,1,0,0,0,1,0,0.1,0.1,1.1,1.3,15,46,56,0.00,0.13,0.13,0.00,0.13,0.02,0.15,0.16,0.02,0.16
Quentin Merlin,fr FRA,DF,Nantes,21,2002,16,15,"1,283",14.3,0,1,1,0,0,0,0,0,0.7,0.7,1.3,2.0,34,98,62,0.00,0.07,0.07,0.00,0.07,0.05,0.09,0.14,0.05,0.14
Bastien Meupiyou,fr FRA,DF,Nantes,17,2006,1,1,8,0.1,0,0,0,0,0,0,0,1,0.0,0.0,0.0,0.0,0,0,0,0.00,0.00,0.00,0.00,0.00,0.00,0.00,0.00,0.00,0.00
Lucas Michal,fr FRA,FW,Monaco,18,2005,1,0,7,0.1,0,0,0,0,0,0,0,0,0.0,0.0,0.0,0.0,1,0,0,0.00,0.00,0.00,0.00,0.00,0.00,0.00,0.00,0.00,0.00
Georges Mikautadze,ge GEO,FW,Metz,22,2000,20,20,"1,747",19.4,13,4,17,10,3,3,0,1,9.5,7.2,2.4,9.5,52,51,95,0.67,0.21,0.88,0.52,0.72,0.49,0.12,0.61,0.37,0.49
Lucas Mincarelli,fr FRA,"DF,MF",Montpellier,19,2004,13,12,978,10.9,1,1,2,1,0,0,1,1,0.4,0.4,0.6,0.9,24,26,40,0.09,0.09,0.18,0.09,0.18,0.03,0.05,0.09,0.03,0.09
Ignacio Miramon,ar ARG,MF,Lille,20,2003,2,1,39,0.4,0,0,0,0,0,0,0,0,0.1,0.1,0.0,0.1,1,3,0,0.00,0.00,0.00,0.00,0.00,0.12,0.00,0.12,0.12,0.12
Dion Moise Sahi,ci CIV,"MF,FW",Strasbourg,21,2001,18,7,628,7.0,3,1,4,3,0,0,0,0,4.1,4.1,1.3,5.4,13,21,42,0.43,0.14,0.57,0.43,0.57,0.58,0.19,0.77,0.58,0.77
Enzo Mongo,fr FRA,DF,Nantes,18,2005,1,0,10,0.1,0,0,0,0,0,0,0,0,0.0,0.0,0.0,0.0,0,0,0,0.00,0.00,0.00,0.00,0.00,0.00,0.00,0.00,0.00,0.00
Diego Moreira,pt POR,"FW,MF",Lyon,18,2004,7,4,270,3.0,0,0,0,0,0,0,1,0,0.7,0.7,0.3,1.0,10,12,23,0.00,0.00,0.00,0.00,0.00,0.24,0.11,0.35,0.24,0.35
Loris Mouyokolo,fr FRA,DF,Lorient,22,2001,1,1,90,1.0,0,0,0,0,0,0,0,0,0.0,0.0,0.0,0.0,1,0,0,0.00,0.00,0.00,0.00,0.00,0.00,0.00,0.00,0.00,0.00
François Mughe,cm CMR,"MF,DF",Marseille,19,2004,5,2,177,2.0,0,0,0,0,0,0,1,0,0.1,0.1,0.1,0.2,7,7,16,0.00,0.00,0.00,0.00,0.00,0.05,0.05,0.10,0.05,0.10
Joel Mvuka,no NOR,"DF,FW",Lorient,20,2002,7,2,197,2.2,0,0,0,0,0,0,1,0,0.0,0.0,0.0,0.0,4,1,16,0.00,0.00,0.00,0.00,0.00,0.01,0.00,0.01,0.01,0.01
Junior Mwanga,fr FRA,"MF,FW",Strasbourg,20,2003,22,17,"1,450",16.1,1,1,2,1,0,0,3,0,1.4,1.4,0.8,2.2,28,56,37,0.06,0.06,0.12,0.06,0.12,0.09,0.05,0.14,0.09,0.14
Bilal Nadir,fr FRA,"MF,FW",Marseille,19,2003,5,1,113,1.3,0,0,0,0,0,0,1,0,0.1,0.1,0.1,0.2,3,4,7,0.00,0.00,0.00,0.00,0.00,0.08,0.09,0.17,0.08,0.17
Mahamadou Nagida,cm CMR,DF,Rennes,18,2005,3,1,106,1.2,0,0,0,0,0,0,0,0,0.1,0.1,0.3,0.4,5,2,11,0.00,0.00,0.00,0.00,0.00,0.10,0.24,0.35,0.10,0.35
Keito Nakamura,jp JPN,"FW,MF",Reims,23,2000,25,17,"1,381",15.3,4,1,5,4,0,0,1,0,3.2,3.2,1.3,4.5,48,56,141,0.26,0.07,0.33,0.26,0.33,0.21,0.09,0.29,0.21,0.29
Bassirou Ndiaye,sn SEN,FW,Lorient,21,2002,5,0,152,1.7,0,0,0,0,0,0,0,0,0.0,0.0,0.2,0.2,1,1,7,0.00,0.00,0.00,0.00,0.00,0.00,0.09,0.09,0.00,0.09
Iliman Ndiaye,sn SEN,"FW,MF",Marseille,23,2000,30,19,"1,618",18.0,3,3,6,3,0,0,0,1,4.5,4.5,2.6,7.1,51,62,152,0.17,0.17,0.33,0.17,0.33,0.25,0.15,0.39,0.25,0.39
Massamba Ndiaye,sn SEN,GK,Clermont Foot,21,2001,4,4,360,4.0,0,0,0,0,0,0,0,0,0.0,0.0,0.0,0.0,0,1,0,0.00,0.00,0.00,0.00,0.00,0.00,0.00,0.00,0.00,0.00
Rassoul Ndiaye,sn SEN,"MF,FW",Le Havre,21,2001,19,6,526,5.8,0,0,0,0,0,0,4,2,0.2,0.2,0.3,0.5,7,25,16,0.00,0.00,0.00,0.00,0.00,0.03,0.05,0.08,0.03,0.08
Cher Ndour,it ITA,MF,Paris S-G,19,2004,3,0,28,0.3,0,0,0,0,0,0,1,0,0.0,0.0,0.0,0.0,0,2,1,0.00,0.00,0.00,0.00,0.00,0.00,0.00,0.00,0.00,0.00
Joseph Nduquidi,fr FRA,"MF,DF",Metz,18,2004,13,7,751,8.3,0,0,0,0,0,0,2,0,0.2,0.2,0.1,0.2,6,22,4,0.00,0.00,0.00,0.00,0.00,0.02,0.01,0.03,0.02,0.03
Steve Ngoura,fr FRA,"FW,MF",Le Havre,18,2005,12,1,223,2.5,0,1,1,0,0,0,0,0,0.5,0.5,0.1,0.6,3,9,19,0.00,0.40,0.40,0.00,0.40,0.19,0.03,0.22,0.19,0.22
Ernest Nuamah,gh GHA,"FW,MF",Lyon,19,2003,29,21,"1,838",20.4,3,2,5,3,0,0,4,0,4.0,4.0,3.8,7.8,105,74,237,0.15,0.10,0.24,0.15,0.24,0.20,0.19,0.38,0.20,0.38
Rabby Nzingoula,cg CGO,"MF,FW",Strasbourg,17,2005,6,1,133,1.5,0,1,1,0,0,0,1,0,0.1,0.1,0.1,0.2,3,8,6,0.00,0.68,0.68,0.00,0.68,0.06,0.07,0.14,0.06,0.14
Jake O'Brien,ie IRL,DF,Lyon,22,2001,27,27,"2,369",26.3,4,2,6,4,0,0,4,1,3.6,3.6,1.1,4.7,15,68,2,0.15,0.08,0.23,0.15,0.23,0.14,0.04,0.18,0.14,0.18
Warmed Omari,km COM,DF,Rennes,23,2000,25,23,"2,071",23.0,1,0,1,1,0,0,5,1,0.7,0.7,0.3,0.9,22,123,1,0.04,0.00,0.04,0.04,0.04,0.03,0.01,0.04,0.03,0.04
Becir Omeragic,ch SUI,"DF,MF",Montpellier,21,2002,28,26,"2,312",25.7,0,0,0,0,0,0,4,0,0.5,0.5,0.7,1.2,21,71,12,0.00,0.00,0.00,0.00,0.00,0.02,0.03,0.05,0.02,0.05
Jean Onana,cm CMR,MF,Marseille,23,2000,13,5,566,6.3,1,0,1,1,0,0,1,0,0.8,0.8,0.1,0.9,9,32,9,0.16,0.00,0.16,0.16,0.16,0.13,0.01,0.15,0.13,0.15
Royce Openda Owaga,ga GAB,FW,Lorient,21,2002,1,0,16,0.2,0,0,0,0,0,0,0,0,0.0,0.0,0.0,0.0,0,0,1,0.00,0.00,0.00,0.00,0.00,0.00,0.00,0.00,0.00,0.00
Gift Orban,ng NGA,FW,Lyon,21,2002,13,5,474,5.3,1,0,1,1,0,0,2,0,1.1,1.1,0.0,1.1,8,6,33,0.19,0.00,0.19,0.19,0.19,0.21,0.00,0.21,0.21,0.21
Kassoum Ouattara,fr FRA,"DF,FW",Monaco,18,2004,14,7,636,7.1,1,0,1,1,0,0,2,0,1.3,1.3,1.3,2.6,32,22,67,0.14,0.00,0.14,0.14,0.14,0.18,0.19,0.37,0.18,0.37
Azzedine Ounahi,ma MAR,MF,Marseille,23,2000,21,15,"1,209",13.4,2,0,2,2,0,0,3,0,1.0,1.0,1.4,2.4,32,98,70,0.15,0.00,0.15,0.15,0.15,0.07,0.11,0.18,0.07,0.18
Patrick Ouotro,ci CIV,FW,Strasbourg,17,2005,1,0,8,0.1,0,0,0,0,0,0,0,0,0.0,0.0,0.0,0.0,1,1,0,0.00,0.00,0.00,0.00,0.00,0.00,0.00,0.00,0.00,0.00
Pablo Pagis,fr FRA,MF,Lorient,20,2002,3,3,165,1.8,0,0,0,0,0,0,1,0,0.1,0.1,0.0,0.1,1,5,6,0.00,0.00,0.00,0.00,0.00,0.07,0.00,0.07,0.07,0.07
Andy Pelmard,fr FRA,DF,Clermont Foot,23,2000,34,33,"2,989",33.2,0,0,0,0,0,0,1,0,0.3,0.3,0.6,1.0,39,120,7,0.00,0.00,0.00,0.00,0.00,0.01,0.02,0.03,0.01,0.03
Aurélien Pelon,fr FRA,DF,Lorient,19,2004,1,1,90,1.0,0,0,0,0,0,0,1,0,0.0,0.0,0.0,0.0,0,1,0,0.00,0.00,0.00,0.00,0.00,0.00,0.00,0.00,0.00,0.00
Faris Pemi Moumbagna,cm CMR,FW,Marseille,23,2000,13,5,547,6.1,3,1,4,3,0,0,2,1,1.7,1.7,1.1,2.8,6,16,32,0.49,0.16,0.66,0.49,0.66,0.28,0.18,0.47,0.28,0.47
Julien Ponceau,fr FRA,MF,Lorient,22,2000,32,27,"2,244",24.9,3,2,5,3,0,0,5,0,3.3,3.3,2.7,6.0,106,154,152,0.12,0.08,0.20,0.12,0.20,0.13,0.11,0.24,0.13,0.24
Gonçalo Ramos,pt POR,FW,Paris S-G,22,2001,29,16,"1,419",15.8,11,1,12,10,1,1,1,0,10.9,10.2,2.4,12.5,11,29,88,0.70,0.06,0.76,0.63,0.70,0.69,0.15,0.84,0.64,0.79
Guillaume Restes,fr FRA,GK,Toulouse,18,2005,34,34,"3,060",34.0,0,0,0,0,0,0,3,0,0.0,0.0,0.0,0.0,0,0,0,0.00,0.00,0.00,0.00,0.00,0.00,0.00,0.00,0.00,0.00
Alexsandro Ribeiro,br BRA,DF,Lille,23,1999,29,24,"2,220",24.7,0,0,0,0,0,0,6,1,2.0,2.0,0.5,2.6,15,82,7,0.00,0.00,0.00,0.00,0.00,0.08,0.02,0.10,0.08,0.10
Amir Richardson,ma MAR,MF,Reims,21,2002,28,14,"1,352",15.0,3,1,4,3,0,0,4,0,1.6,1.6,1.1,2.8,28,72,40,0.20,0.07,0.27,0.20,0.27,0.11,0.08,0.18,0.11,0.18
Fabian Rieder,ch SUI,MF,Rennes,21,2002,15,2,365,4.1,1,0,1,1,0,0,0,0,0.3,0.3,0.6,0.9,10,41,18,0.25,0.00,0.25,0.25,0.25,0.07,0.14,0.21,0.07,0.21
Ibrahim Salah,ma MAR,"FW,MF",Rennes,21,2001,23,4,524,5.8,4,1,5,4,0,0,3,0,3.1,3.1,0.5,3.6,15,18,61,0.69,0.17,0.86,0.69,0.86,0.54,0.08,0.62,0.54,0.62
Amine Salama,fr FRA,FW,Reims,23,2000,11,2,313,3.5,0,0,0,0,0,0,0,0,0.7,0.7,0.2,1.0,10,7,33,0.00,0.00,0.00,0.00,0.00,0.21,0.07,0.27,0.21,0.27
Ibou Sané,sn SEN,"MF,FW",Metz,18,2005,9,0,128,1.4,1,0,1,1,0,0,1,0,0.7,0.7,0.0,0.7,6,7,8,0.70,0.00,0.70,0.70,0.70,0.49,0.03,0.51,0.49,0.51
Sadibou Sané,sn SEN,DF,Metz,19,2004,14,9,846,9.4,0,0,0,0,0,0,1,0,0.4,0.4,0.0,0.4,8,19,8,0.00,0.00,0.00,0.00,0.00,0.04,0.00,0.04,0.04,0.04
Arouna Sangante,sn SEN,DF,Le Havre,21,2002,30,30,"2,687",29.9,0,0,0,0,0,0,8,0,0.9,0.9,1.2,2.1,20,107,27,0.00,0.00,0.00,0.00,0.00,0.03,0.04,0.07,0.03,0.07
Andrey Santos,br BRA,MF,Strasbourg,19,2004,11,9,831,9.2,1,0,1,1,0,0,4,0,1.0,1.0,1.0,2.0,5,48,15,0.11,0.00,0.11,0.11,0.11,0.11,0.11,0.21,0.11,0.21
Tiago Santos,pt POR,DF,Lille,21,2002,29,26,"2,365",26.3,1,2,3,1,0,0,6,0,1.4,1.4,2.3,3.6,89,105,137,0.04,0.08,0.11,0.04,0.11,0.05,0.09,0.14,0.05,0.14
Amin Sarr,se SWE,"FW,MF",Lyon,22,2001,3,1,98,1.1,0,0,0,0,0,0,0,0,0.3,0.3,0.2,0.5,3,1,8,0.00,0.00,0.00,0.00,0.00,0.31,0.14,0.45,0.31,0.45
Mamadou Sarr,fr FRA,DF,Lyon,17,2005,1,0,8,0.1,0,0,0,0,0,0,0,0,0.0,0.0,0.0,0.0,0,0,0,0.00,0.00,0.00,0.00,0.00,0.00,0.00,0.00,0.00,0.00
Martin Satriano,uy URU,FW,Brest,22,2001,33,21,"1,864",20.7,4,4,8,4,0,0,4,0,6.1,6.1,2.9,9.0,28,37,121,0.19,0.19,0.39,0.19,0.39,0.29,0.14,0.43,0.29,0.43
Jérémy Sebas,mq MTQ,"FW,MF",Strasbourg,20,2003,14,2,399,4.4,2,0,2,2,0,0,0,0,1.0,1.0,0.0,1.0,13,6,39,0.45,0.00,0.45,0.45,0.45,0.21,0.01,0.22,0.21,0.22
Alidu Seidu,gh GHA,DF,Rennes,23,2000,11,7,593,6.6,0,0,0,0,0,0,3,0,0.2,0.2,0.1,0.3,14,23,24,0.00,0.00,0.00,0.00,0.00,0.04,0.01,0.05,0.04,0.05
Alidu Seidu,gh GHA,DF,Clermont Foot,23,2000,14,13,"1,131",12.6,0,1,1,0,0,0,5,1,0.1,0.1,0.7,0.7,16,33,3,0.00,0.08,0.08,0.00,0.08,0.01,0.05,0.06,0.01,0.06
Marvin Senaya,tg TOG,"DF,MF",Strasbourg,22,2001,32,23,"2,138",23.8,1,1,2,1,0,0,5,1,1.2,1.2,2.8,4.0,48,74,81,0.04,0.04,0.08,0.04,0.08,0.05,0.12,0.17,0.05,0.17
Wilfried Singo,ci CIV,DF,Monaco,22,2000,25,24,"2,187",24.3,1,1,2,1,0,0,8,1,0.8,0.8,1.0,1.9,38,145,31,0.04,0.04,0.08,0.04,0.08,0.03,0.04,0.08,0.03,0.08
Ayanda Sishuba,be BEL,"MF,FW",Lens,18,2005,7,0,62,0.7,0,0,0,0,0,0,0,0,0.9,0.9,0.0,0.9,7,1,10,0.00,0.00,0.00,0.00,0.00,1.27,0.04,1.31,1.27,1.31
Naatan Skyttä,fi FIN,"MF,FW",Toulouse,21,2002,8,0,120,1.3,0,0,0,0,0,0,0,0,0.5,0.5,0.6,1.1,1,12,12,0.00,0.00,0.00,0.00,0.00,0.40,0.44,0.84,0.36,0.81
Emran Soglo,eng ENG,"MF,DF",Marseille,18,2005,3,1,109,1.2,1,1,2,1,0,0,1,0,0.1,0.1,0.2,0.2,1,3,8,0.83,0.83,1.65,0.83,1.65,0.07,0.13,0.20,0.07,0.20
Issa Soumaré,sn SEN,"FW,MF",Le Havre,22,2000,7,3,237,2.6,0,0,0,0,0,0,0,0,0.4,0.4,0.6,1.0,4,4,18,0.00,0.00,0.00,0.00,0.00,0.14,0.24,0.39,0.14,0.39
Saidou Sow,gn GUI,DF,Strasbourg,21,2002,10,8,719,8.0,0,1,1,0,0,0,2,0,0.3,0.3,0.5,0.8,1,24,0,0.00,0.13,0.13,0.00,0.13,0.04,0.06,0.10,0.04,0.10
Abakar Sylla,ci CIV,DF,Strasbourg,20,2002,22,19,"1,792",19.9,2,0,2,2,0,0,4,0,1.6,1.6,0.5,2.0,8,72,2,0.10,0.00,0.10,0.10,0.10,0.08,0.02,0.10,0.08,0.10
Dembo Sylla,gn GUI,DF,Lorient,20,2002,1,0,45,0.5,0,0,0,0,0,0,0,0,0.1,0.1,0.0,0.1,0,1,6,0.00,0.00,0.00,0.00,0.00,0.21,0.00,0.21,0.21,0.21
Oussama Targhalline,ma MAR,MF,Le Havre,21,2002,14,12,"1,025",11.4,0,0,0,0,0,0,4,1,0.2,0.2,0.4,0.6,27,70,15,0.00,0.00,0.00,0.00,0.00,0.02,0.03,0.05,0.02,0.05
Enzo Tchato,cm CMR,DF,Montpellier,20,2002,17,11,"1,125",12.5,0,0,0,0,0,0,2,0,0.3,0.3,0.3,0.6,26,46,57,0.00,0.00,0.00,0.00,0.00,0.03,0.03,0.05,0.03,0.05
Arnau Tenas,es ESP,GK,Paris S-G,22,2001,6,5,529,5.9,0,1,1,0,0,0,0,0,0.0,0.0,0.8,0.8,0,0,0,0.00,0.17,0.17,0.00,0.17,0.00,0.13,0.13,0.00,0.13
Arthur Theate,be BEL,DF,Rennes,23,2000,28,27,"2,296",25.5,2,0,2,2,0,0,4,0,1.9,1.9,0.8,2.7,33,151,24,0.08,0.00,0.08,0.08,0.08,0.07,0.03,0.11,0.07,0.11
Khéphren Thuram,fr FRA,MF,Nice,22,2001,27,25,"2,108",23.4,1,1,2,1,0,0,7,0,3.4,3.4,3.7,7.0,67,104,57,0.04,0.04,0.09,0.04,0.09,0.14,0.16,0.30,0.14,0.30
Jean-Clair Todibo,fr FRA,DF,Nice,23,1999,30,30,"2,651",29.5,0,2,2,0,0,0,2,1,0.6,0.6,1.6,2.2,32,150,11,0.00,0.07,0.07,0.00,0.07,0.02,0.06,0.08,0.02,0.08
Souleymane Touré,fr FRA,DF,Lorient,20,2003,24,23,"2,051",22.8,1,1,2,1,0,0,6,0,1.7,1.7,0.4,2.2,24,73,25,0.04,0.04,0.09,0.04,0.09,0.08,0.02,0.10,0.08,0.10
Bénie Traoré,ci CIV,"FW,MF",Nantes,20,2002,14,4,504,5.6,0,1,1,0,0,0,1,1,0.7,0.7,0.9,1.6,23,15,45,0.00,0.18,0.18,0.00,0.18,0.13,0.16,0.29,0.13,0.29
Daouda Traoré,fr FRA,MF,Nice,17,2006,1,0,16,0.2,0,0,0,0,0,0,0,0,0.1,0.1,0.0,0.1,1,1,0,0.00,0.00,0.00,0.00,0.00,0.34,0.00,0.34,0.34,0.34
Adrien Truffert,fr FRA,DF,Rennes,21,2001,30,24,"2,145",23.8,1,2,3,1,0,0,6,0,1.7,1.7,1.8,3.5,51,98,181,0.04,0.08,0.13,0.04,0.13,0.07,0.08,0.15,0.07,0.15
Manuel Ugarte Ribeiro,uy URU,MF,Paris S-G,22,2001,25,21,"1,932",21.5,0,2,2,0,0,0,5,0,0.6,0.6,0.9,1.5,16,87,24,0.00,0.09,0.09,0.00,0.09,0.03,0.04,0.07,0.03,0.07
Vanderson,br BRA,DF,Monaco,22,2001,20,20,"1,641",18.2,3,1,4,3,0,0,6,1,2.1,2.1,1.4,3.5,26,71,129,0.16,0.05,0.22,0.16,0.22,0.12,0.08,0.19,0.12,0.19
Alan Virginius,fr FRA,FW,Lille,20,2003,2,1,71,0.8,0,0,0,0,0,0,0,0,0.0,0.0,0.0,0.0,1,2,4,0.00,0.00,0.00,0.00,0.00,0.00,0.02,0.02,0.00,0.02
Alan Virginius,fr FRA,FW,Clermont Foot,20,2003,14,12,934,10.4,0,2,2,0,0,0,0,0,1.3,1.3,1.5,2.8,22,21,64,0.00,0.19,0.19,0.00,0.19,0.13,0.15,0.27,0.13,0.27
Vitinha,pt POR,FW,Marseille,23,2000,18,10,923,10.3,3,2,5,3,0,0,1,0,5.1,5.1,2.9,8.0,15,23,84,0.29,0.20,0.49,0.29,0.49,0.50,0.28,0.78,0.50,0.78
Vitinha,pt POR,MF,Paris S-G,23,2000,28,23,"2,126",23.6,7,4,11,7,0,0,0,0,3.1,3.1,3.1,6.3,41,182,122,0.30,0.17,0.47,0.30,0.47,0.13,0.13,0.27,0.13,0.27
Elye Wahi,fr FRA,FW,Montpellier,20,2003,1,0,14,0.2,0,0,0,0,0,0,0,0,0.0,0.0,0.6,0.6,1,1,2,0.00,0.00,0.00,0.00,0.00,0.00,4.23,4.23,0.00,4.23
Elye Wahi,fr FRA,FW,Lens,20,2003,27,20,"1,692",18.8,9,3,12,8,1,1,10,1,11.5,10.7,2.6,13.4,52,15,171,0.48,0.16,0.64,0.43,0.59,0.61,0.14,0.75,0.57,0.71
Josh Wilson-Esbrand,eng ENG,"DF,MF",Reims,20,2002,11,5,461,5.1,1,1,2,1,0,0,1,0,0.1,0.1,1.0,1.1,11,19,20,0.20,0.20,0.39,0.20,0.39,0.03,0.19,0.21,0.03,0.21
Christopher Wooh,cm CMR,DF,Rennes,21,2001,18,15,"1,388",15.4,1,0,1,1,0,0,3,1,1.3,1.3,0.7,2.0,8,61,4,0.06,0.00,0.06,0.06,0.06,0.09,0.04,0.13,0.09,0.13
Kelvin Yeboah,it ITA,FW,Montpellier,23,2000,13,0,276,3.1,0,0,0,0,0,0,0,0,0.5,0.5,0.3,0.7,9,5,25,0.00,0.00,0.00,0.00,0.00,0.15,0.08,0.24,0.15,0.24
Bertuğ Yıldırım,tr TUR,FW,Rennes,21,2002,21,2,469,5.2,0,1,1,0,0,0,3,0,1.4,1.4,0.7,2.1,9,11,29,0.00,0.19,0.19,0.00,0.19,0.27,0.13,0.40,0.27,0.40
Darlin Yongwa,cm CMR,DF,Lorient,22,2000,22,11,"1,159",12.9,1,1,2,1,0,0,3,0,0.7,0.7,1.4,2.1,39,43,81,0.08,0.08,0.16,0.08,0.16,0.06,0.10,0.16,0.06,0.16
Leny Yoro,fr FRA,DF,Lille,17,2005,32,30,"2,673",29.7,2,0,2,2,0,0,5,0,1.5,1.5,0.1,1.7,8,68,3,0.07,0.00,0.07,0.07,0.07,0.05,0.00,0.06,0.05,0.06
Etienne Youte Kinkoue,fr FRA,DF,Le Havre,21,2002,22,22,"1,941",21.6,0,0,0,0,0,0,1,0,0.4,0.4,0.1,0.4,12,31,3,0.00,0.00,0.00,0.00,0.00,0.02,0.00,0.02,0.02,0.02
Yoram Zague,fr FRA,DF,Paris S-G,17,2006,5,4,373,4.1,1,0,1,1,0,0,1,0,0.3,0.3,0.5,0.8,2,13,4,0.24,0.00,0.24,0.24,0.24,0.07,0.11,0.18,0.07,0.18
Warren Zaïre-Emery,fr FRA,"MF,DF",Paris S-G,17,2006,26,21,"1,962",21.8,2,3,5,2,0,0,4,0,1.4,1.4,3.2,4.5,54,116,90,0.09,0.14,0.23,0.09,0.23,0.06,0.14,0.21,0.06,0.21
Nathan Zeze,fr FRA,DF,Nantes,18,2005,13,11,"1,022",11.4,0,0,0,0,0,0,1,0,0.3,0.3,0.0,0.3,1,30,2,0.00,0.00,0.00,0.00,0.00,0.03,0.00,0.03,0.03,0.03
Luc Zogbé,ci CIV,DF,Brest,18,2005,1,0,11,0.1,0,0,0,0,0,0,0,0,0.0,0.0,0.0,0.0,0,0,0,0.00,0.00,0.00,0.00,0.00,0.00,0.00,0.00,0.00,0.00
